device,method,sequence_length,batch_size,repetition,step_ms
GPU,CRISP parallel scan,100,64,1,17.508740002085688
GPU,CRISP parallel scan,100,64,2,17.500789999758126
GPU,CRISP parallel scan,100,64,3,17.484619998867856
GPU,CRISP parallel scan,100,64,4,17.499639998277416
GPU,CRISP parallel scan,100,64,5,17.517149000923382
GPU,CRISP parallel scan,100,64,6,17.49498999924981
GPU,CRISP parallel scan,100,64,7,17.5020000024233
GPU,CRISP parallel scan,100,64,8,17.494020001322497
GPU,CRISP parallel scan,100,64,9,17.516230000182986
GPU,CRISP parallel scan,100,64,10,17.520080000394955
GPU,CRISP parallel scan,100,64,11,17.50865899884957
GPU,CRISP parallel scan,100,64,12,17.52168999882997
GPU,CRISP parallel scan,100,64,13,17.518079999717884
GPU,CRISP parallel scan,100,64,14,17.488269997556927
GPU,CRISP parallel scan,100,64,15,17.518489999929443
GPU,CRISP parallel scan,250,64,1,59.73949899998843
GPU,CRISP parallel scan,250,64,2,59.69652000203496
GPU,CRISP parallel scan,250,64,3,59.69501900108298
GPU,CRISP parallel scan,250,64,4,59.70219899973017
GPU,CRISP parallel scan,250,64,5,59.70291999983601
GPU,CRISP parallel scan,250,64,6,59.69653899956029
GPU,CRISP parallel scan,250,64,7,59.71662999945693
GPU,CRISP parallel scan,250,64,8,59.71834899901296
GPU,CRISP parallel scan,250,64,9,59.72314899918274
GPU,CRISP parallel scan,250,64,10,59.6846699991147
GPU,CRISP parallel scan,250,64,11,59.697019001760054
GPU,CRISP parallel scan,250,64,12,59.709639001084724
GPU,CRISP parallel scan,250,64,13,59.68190999919898
GPU,CRISP parallel scan,250,64,14,59.67840899756993
GPU,CRISP parallel scan,250,64,15,59.69747999915853
GPU,CRISP parallel scan,500,64,1,132.8560389993072
GPU,CRISP parallel scan,500,64,2,132.82405900099548
GPU,CRISP parallel scan,500,64,3,132.8953080010251
GPU,CRISP parallel scan,500,64,4,132.8356789999816
GPU,CRISP parallel scan,500,64,5,132.84436799949617
GPU,CRISP parallel scan,500,64,6,132.79333900209167
GPU,CRISP parallel scan,500,64,7,132.8382089996012
GPU,CRISP parallel scan,500,64,8,132.81842799915466
GPU,CRISP parallel scan,500,64,9,132.82945900209597
GPU,CRISP parallel scan,500,64,10,132.81186899985187
GPU,CRISP parallel scan,500,64,11,132.79746800253633
GPU,CRISP parallel scan,500,64,12,132.78587899912964
GPU,CRISP parallel scan,500,64,13,132.84310900053242
GPU,CRISP parallel scan,500,64,14,132.83787799809943
GPU,CRISP parallel scan,500,64,15,132.8327490009542
GPU,CRISP parallel scan,1000,64,1,293.7422670001979
GPU,CRISP parallel scan,1000,64,2,293.567927001277
GPU,CRISP parallel scan,1000,64,3,293.71323700252105
GPU,CRISP parallel scan,1000,64,4,293.71598700163304
GPU,CRISP parallel scan,1000,64,5,293.67228699993575
GPU,CRISP parallel scan,1000,64,6,293.69910699824686
GPU,CRISP parallel scan,1000,64,7,293.7697870002012
GPU,CRISP parallel scan,1000,64,8,293.62653700081864
GPU,CRISP parallel scan,1000,64,9,293.7412170031166
GPU,CRISP parallel scan,1000,64,10,293.60976600219146
GPU,CRISP parallel scan,1000,64,11,293.7398869980825
GPU,CRISP parallel scan,1000,64,12,293.63207799906377
GPU,CRISP parallel scan,1000,64,13,293.76713600140647
GPU,CRISP parallel scan,1000,64,14,293.657627000357
GPU,CRISP parallel scan,1000,64,15,293.70633700091275
GPU,CRISP parallel scan,2000,64,1,646.7789839989564
GPU,CRISP parallel scan,2000,64,2,646.8228730009287
GPU,CRISP parallel scan,2000,64,3,646.8240029971639
GPU,CRISP parallel scan,2000,64,4,646.8309330011834
GPU,CRISP parallel scan,2000,64,5,646.7687839976861
GPU,CRISP parallel scan,2000,64,6,646.6341429986642
GPU,CRISP parallel scan,2000,64,7,646.8169029976707
GPU,CRISP parallel scan,2000,64,8,646.9835639982193
GPU,CRISP parallel scan,2000,64,9,646.7405629991845
GPU,CRISP parallel scan,2000,64,10,646.8209230006323
GPU,CRISP parallel scan,2000,64,11,646.8969039997319
GPU,CRISP parallel scan,2000,64,12,646.7690829995263
GPU,CRISP parallel scan,2000,64,13,646.4729030012677
GPU,CRISP parallel scan,2000,64,14,646.7541940000956
GPU,CRISP parallel scan,2000,64,15,646.6965529980371
GPU,CRISP FFT,100,64,1,2.4834100004227366
GPU,CRISP FFT,100,64,2,2.5014500024553854
GPU,CRISP FFT,100,64,3,2.463529999658931
GPU,CRISP FFT,100,64,4,2.49094999890076
GPU,CRISP FFT,100,64,5,2.455559999361867
GPU,CRISP FFT,100,64,6,2.477410002029501
GPU,CRISP FFT,100,64,7,2.4377700028708205
GPU,CRISP FFT,100,64,8,2.449949999572709
GPU,CRISP FFT,100,64,9,2.442820001306245
GPU,CRISP FFT,100,64,10,2.458119997754693
GPU,CRISP FFT,100,64,11,2.4460000022372697
GPU,CRISP FFT,100,64,12,2.461510001012357
GPU,CRISP FFT,100,64,13,2.4523800020688213
GPU,CRISP FFT,100,64,14,2.444110003125388
GPU,CRISP FFT,100,64,15,2.455400001053931
GPU,CRISP FFT,250,64,1,2.696889998333063
GPU,CRISP FFT,250,64,2,2.715599999646656
GPU,CRISP FFT,250,64,3,2.711979999730829
GPU,CRISP FFT,250,64,4,2.69593000120949
GPU,CRISP FFT,250,64,5,2.694030001293868
GPU,CRISP FFT,250,64,6,2.688270000362536
GPU,CRISP FFT,250,64,7,2.680900000996189
GPU,CRISP FFT,250,64,8,2.6860699981625658
GPU,CRISP FFT,250,64,9,2.67496000014944
GPU,CRISP FFT,250,64,10,2.678730001207441
GPU,CRISP FFT,250,64,11,2.6838190024136566
GPU,CRISP FFT,250,64,12,2.673899998626439
GPU,CRISP FFT,250,64,13,2.6896300005319063
GPU,CRISP FFT,250,64,14,2.6669299986679107
GPU,CRISP FFT,250,64,15,2.7160099998582155
GPU,CRISP FFT,500,64,1,4.719219999969937
GPU,CRISP FFT,500,64,2,4.715940001915442
GPU,CRISP FFT,500,64,3,4.700990000856109
GPU,CRISP FFT,500,64,4,4.716110001027118
GPU,CRISP FFT,500,64,5,4.706029998487793
GPU,CRISP FFT,500,64,6,4.719189997558715
GPU,CRISP FFT,500,64,7,4.708649998065084
GPU,CRISP FFT,500,64,8,4.733580000902293
GPU,CRISP FFT,500,64,9,4.710370001703268
GPU,CRISP FFT,500,64,10,4.71905000085826
GPU,CRISP FFT,500,64,11,4.708489999757148
GPU,CRISP FFT,500,64,12,4.707929998403415
GPU,CRISP FFT,500,64,13,4.702900001575472
GPU,CRISP FFT,500,64,14,4.710530000011204
GPU,CRISP FFT,500,64,15,4.712369998742361
GPU,CRISP FFT,1000,64,1,11.795069000072544
GPU,CRISP FFT,1000,64,2,11.806279999291291
GPU,CRISP FFT,1000,64,3,11.812060001830105
GPU,CRISP FFT,1000,64,4,11.791379998612683
GPU,CRISP FFT,1000,64,5,11.80523000221001
GPU,CRISP FFT,1000,64,6,11.798479998105904
GPU,CRISP FFT,1000,64,7,11.783609999838518
GPU,CRISP FFT,1000,64,8,11.800709999079118
GPU,CRISP FFT,1000,64,9,11.785579001298174
GPU,CRISP FFT,1000,64,10,11.800799999036826
GPU,CRISP FFT,1000,64,11,11.79991000026348
GPU,CRISP FFT,1000,64,12,11.804850000771694
GPU,CRISP FFT,1000,64,13,11.783160000049975
GPU,CRISP FFT,1000,64,14,11.804669997218298
GPU,CRISP FFT,1000,64,15,11.78142999924603
GPU,CRISP FFT,2000,64,1,25.79203899949789
GPU,CRISP FFT,2000,64,2,25.785369998629903
GPU,CRISP FFT,2000,64,3,25.78481999807991
GPU,CRISP FFT,2000,64,4,25.778219998755958
GPU,CRISP FFT,2000,64,5,25.787519000004977
GPU,CRISP FFT,2000,64,6,25.772230001166463
GPU,CRISP FFT,2000,64,7,25.785039997572312
GPU,CRISP FFT,2000,64,8,25.757970000995556
GPU,CRISP FFT,2000,64,9,25.76501899966388
GPU,CRISP FFT,2000,64,10,25.776419999601785
GPU,CRISP FFT,2000,64,11,25.768510000489186
GPU,CRISP FFT,2000,64,12,25.762649998796405
GPU,CRISP FFT,2000,64,13,25.77649899831158
GPU,CRISP FFT,2000,64,14,25.774559999263147
GPU,CRISP FFT,2000,64,15,25.78480000011041
GPU,CRISP FFT,5000,64,1,65.15638999917428
GPU,CRISP FFT,5000,64,2,65.14669900207082
GPU,CRISP FFT,5000,64,3,65.18590999985463
GPU,CRISP FFT,5000,64,4,65.17387900021276
GPU,CRISP FFT,5000,64,5,65.14424000124563
GPU,CRISP FFT,5000,64,6,65.15964900245308
GPU,CRISP FFT,5000,64,7,65.15842899898416
GPU,CRISP FFT,5000,64,8,65.1815000019269
GPU,CRISP FFT,5000,64,9,65.1521789986873
GPU,CRISP FFT,5000,64,10,65.18502000108128
GPU,CRISP FFT,5000,64,11,65.1656890004233
GPU,CRISP FFT,5000,64,12,65.12238000141224
GPU,CRISP FFT,5000,64,13,65.17474899737863
GPU,CRISP FFT,5000,64,14,65.16019999980927
GPU,CRISP FFT,5000,64,15,65.17061900012777
GPU,CRISP FFT,10000,64,1,147.23348899860866
GPU,CRISP FFT,10000,64,2,147.24724900224828
GPU,CRISP FFT,10000,64,3,147.25502800138202
GPU,CRISP FFT,10000,64,4,147.25021900085267
GPU,CRISP FFT,10000,64,5,147.24120900064008
GPU,CRISP FFT,10000,64,6,147.23556900207768
GPU,CRISP FFT,10000,64,7,147.23088800019468
GPU,CRISP FFT,10000,64,8,147.2886390001804
GPU,CRISP FFT,10000,64,9,147.25246899979538
GPU,CRISP FFT,10000,64,10,147.25598899894976
GPU,CRISP FFT,10000,64,11,147.26271900144638
GPU,CRISP FFT,10000,64,12,147.2413379997306
GPU,CRISP FFT,10000,64,13,147.21957900110283
GPU,CRISP FFT,10000,64,14,147.26998900005128
GPU,CRISP FFT,10000,64,15,147.2525589997531
GPU,CRISP chunked matrix,100,64,1,4.268370001227595
GPU,CRISP chunked matrix,100,64,2,4.275430001143832
GPU,CRISP chunked matrix,100,64,3,4.2172890025540255
GPU,CRISP chunked matrix,100,64,4,4.236669999954756
GPU,CRISP chunked matrix,100,64,5,4.2320899992773775
GPU,CRISP chunked matrix,100,64,6,4.239670000970364
GPU,CRISP chunked matrix,100,64,7,4.235669999616221
GPU,CRISP chunked matrix,100,64,8,4.224869997415226
GPU,CRISP chunked matrix,100,64,9,4.248619999998482
GPU,CRISP chunked matrix,100,64,10,4.279120003047865
GPU,CRISP chunked matrix,100,64,11,4.207029996905476
GPU,CRISP chunked matrix,100,64,12,4.2098599988094065
GPU,CRISP chunked matrix,100,64,13,4.244230000040261
GPU,CRISP chunked matrix,100,64,14,4.224110001814552
GPU,CRISP chunked matrix,100,64,15,4.235029999108519
GPU,CRISP chunked matrix,250,64,1,4.974690000381088
GPU,CRISP chunked matrix,250,64,2,4.9711600004229695
GPU,CRISP chunked matrix,250,64,3,4.951009999786038
GPU,CRISP chunked matrix,250,64,4,4.937789999530651
GPU,CRISP chunked matrix,250,64,5,4.9397799994039815
GPU,CRISP chunked matrix,250,64,6,4.934169999614824
GPU,CRISP chunked matrix,250,64,7,4.945109998516273
GPU,CRISP chunked matrix,250,64,8,4.933868996886304
GPU,CRISP chunked matrix,250,64,9,4.9419199967815075
GPU,CRISP chunked matrix,250,64,10,4.9640299985185266
GPU,CRISP chunked matrix,250,64,11,4.935939999995753
GPU,CRISP chunked matrix,250,64,12,4.953880001266953
GPU,CRISP chunked matrix,250,64,13,4.917889997159364
GPU,CRISP chunked matrix,250,64,14,4.924310000205878
GPU,CRISP chunked matrix,250,64,15,4.930760002025636
GPU,CRISP chunked matrix,500,64,1,6.453490001149476
GPU,CRISP chunked matrix,500,64,2,6.3913400008459575
GPU,CRISP chunked matrix,500,64,3,6.414389998099068
GPU,CRISP chunked matrix,500,64,4,6.427639997127699
GPU,CRISP chunked matrix,500,64,5,6.415630003175465
GPU,CRISP chunked matrix,500,64,6,6.41275000089081
GPU,CRISP chunked matrix,500,64,7,6.3886399984767195
GPU,CRISP chunked matrix,500,64,8,6.413649996829918
GPU,CRISP chunked matrix,500,64,9,6.40064999970491
GPU,CRISP chunked matrix,500,64,10,6.413019997125957
GPU,CRISP chunked matrix,500,64,11,6.421370002499316
GPU,CRISP chunked matrix,500,64,12,6.470718999480596
GPU,CRISP chunked matrix,500,64,13,6.379389997164253
GPU,CRISP chunked matrix,500,64,14,6.394749998435145
GPU,CRISP chunked matrix,500,64,15,6.406350003089756
GPU,CRISP chunked matrix,1000,64,1,10.79934999870602
GPU,CRISP chunked matrix,1000,64,2,10.744089999207063
GPU,CRISP chunked matrix,1000,64,3,10.715789001551457
GPU,CRISP chunked matrix,1000,64,4,10.72641999780899
GPU,CRISP chunked matrix,1000,64,5,10.702840001613367
GPU,CRISP chunked matrix,1000,64,6,10.734319999755826
GPU,CRISP chunked matrix,1000,64,7,10.728149998612935
GPU,CRISP chunked matrix,1000,64,8,10.729659999924479
GPU,CRISP chunked matrix,1000,64,9,10.712289997172775
GPU,CRISP chunked matrix,1000,64,10,10.758779997559031
GPU,CRISP chunked matrix,1000,64,11,10.725619998993352
GPU,CRISP chunked matrix,1000,64,12,10.729198998888023
GPU,CRISP chunked matrix,1000,64,13,10.724299998400966
GPU,CRISP chunked matrix,1000,64,14,10.712629999034107
GPU,CRISP chunked matrix,1000,64,15,10.744010000053095
GPU,CRISP chunked matrix,2000,64,1,25.278009998146445
GPU,CRISP chunked matrix,2000,64,2,25.248800000554183
GPU,CRISP chunked matrix,2000,64,3,25.26014000250143
GPU,CRISP chunked matrix,2000,64,4,25.25087899994105
GPU,CRISP chunked matrix,2000,64,5,25.264169998990837
GPU,CRISP chunked matrix,2000,64,6,25.271129998145625
GPU,CRISP chunked matrix,2000,64,7,25.28025899664499
GPU,CRISP chunked matrix,2000,64,8,25.259459998778766
GPU,CRISP chunked matrix,2000,64,9,25.251859999116277
GPU,CRISP chunked matrix,2000,64,10,25.259139998524915
GPU,CRISP chunked matrix,2000,64,11,25.254919000872178
GPU,CRISP chunked matrix,2000,64,12,25.250509999750648
GPU,CRISP chunked matrix,2000,64,13,25.251519997254945
GPU,CRISP chunked matrix,2000,64,14,25.257670000428334
GPU,CRISP chunked matrix,2000,64,15,25.23554900108138
GPU,CRISP chunked matrix,5000,64,1,72.16953999886755
GPU,CRISP chunked matrix,5000,64,2,72.18724899939843
GPU,CRISP chunked matrix,5000,64,3,72.20847900316585
GPU,CRISP chunked matrix,5000,64,4,72.21334999849205
GPU,CRISP chunked matrix,5000,64,5,72.16199899994535
GPU,CRISP chunked matrix,5000,64,6,72.17277999734506
GPU,CRISP chunked matrix,5000,64,7,72.17847900028573
GPU,CRISP chunked matrix,5000,64,8,72.19381899994914
GPU,CRISP chunked matrix,5000,64,9,72.20160999713698
GPU,CRISP chunked matrix,5000,64,10,72.19306899787625
GPU,CRISP chunked matrix,5000,64,11,72.18481000018073
GPU,CRISP chunked matrix,5000,64,12,72.1680690003268
GPU,CRISP chunked matrix,5000,64,13,72.18704899787554
GPU,CRISP chunked matrix,5000,64,14,72.213940002257
GPU,CRISP chunked matrix,5000,64,15,72.19199899918749
GPU,CRISP chunked matrix,10000,64,1,156.1487090002629
GPU,CRISP chunked matrix,10000,64,2,156.1317779996898
GPU,CRISP chunked matrix,10000,64,3,156.1282789989491
GPU,CRISP chunked matrix,10000,64,4,156.11910900042858
GPU,CRISP chunked matrix,10000,64,5,156.16101799969329
GPU,CRISP chunked matrix,10000,64,6,156.1258390029252
GPU,CRISP chunked matrix,10000,64,7,156.05885900004068
GPU,CRISP chunked matrix,10000,64,8,156.09524799947394
GPU,CRISP chunked matrix,10000,64,9,156.1442790007277
GPU,CRISP chunked matrix,10000,64,10,156.18320900102844
GPU,CRISP chunked matrix,10000,64,11,156.1476489987399
GPU,CRISP chunked matrix,10000,64,12,156.13442800167832
GPU,CRISP chunked matrix,10000,64,13,156.14098899823148
GPU,CRISP chunked matrix,10000,64,14,156.16511900225305
GPU,CRISP chunked matrix,10000,64,15,156.15283800070756
GPU,CRISP fused,100,64,1,3.1894579997242545
GPU,CRISP fused,100,64,2,3.152958000100625
GPU,CRISP fused,100,64,3,3.1315290007114527
GPU,CRISP fused,100,64,4,3.1163379999270546
GPU,CRISP fused,100,64,5,3.1158680003500194
GPU,CRISP fused,100,64,6,3.1040379999467405
GPU,CRISP fused,100,64,7,3.1001390007077134
GPU,CRISP fused,100,64,8,3.088888000092993
GPU,CRISP fused,100,64,9,3.1122479995246977
GPU,CRISP fused,100,64,10,3.093028999501257
GPU,CRISP fused,100,64,11,3.109938000307011
GPU,CRISP fused,100,64,12,3.104368000094837
GPU,CRISP fused,100,64,13,3.0943579995437176
GPU,CRISP fused,100,64,14,3.102478999608138
GPU,CRISP fused,100,64,15,3.0917879994376563
GPU,CRISP fused,250,64,1,3.198327999598405
GPU,CRISP fused,250,64,2,3.1280479997803923
GPU,CRISP fused,250,64,3,3.1372379999083932
GPU,CRISP fused,250,64,4,3.1082189998414833
GPU,CRISP fused,250,64,5,3.0936279999878025
GPU,CRISP fused,250,64,6,3.090917999543308
GPU,CRISP fused,250,64,7,3.0956479995438713
GPU,CRISP fused,250,64,8,3.08424900049431
GPU,CRISP fused,250,64,9,3.0793280002399115
GPU,CRISP fused,250,64,10,3.0815079999229056
GPU,CRISP fused,250,64,11,3.0617089996667346
GPU,CRISP fused,250,64,12,3.06183799966675
GPU,CRISP fused,250,64,13,3.0597579998357105
GPU,CRISP fused,250,64,14,3.0487089998132433
GPU,CRISP fused,250,64,15,3.0566679997718893
GPU,CRISP fused,500,64,1,3.8368180003089947
GPU,CRISP fused,500,64,2,3.513288000249304
GPU,CRISP fused,500,64,3,3.465828000116744
GPU,CRISP fused,500,64,4,3.45248800022091
GPU,CRISP fused,500,64,5,3.461299000264262
GPU,CRISP fused,500,64,6,3.4142779995818273
GPU,CRISP fused,500,64,7,3.4127179997085477
GPU,CRISP fused,500,64,8,3.421618000174931
GPU,CRISP fused,500,64,9,3.4151580002799165
GPU,CRISP fused,500,64,10,3.412177999962296
GPU,CRISP fused,500,64,11,3.409027999623504
GPU,CRISP fused,500,64,12,3.397407999727875
GPU,CRISP fused,500,64,13,3.4074079994752537
GPU,CRISP fused,500,64,14,3.382569000677904
GPU,CRISP fused,500,64,15,3.4050280000883504
GPU,CRISP fused,1000,64,1,5.749677000494557
GPU,CRISP fused,1000,64,2,5.748857000071439
GPU,CRISP fused,1000,64,3,5.744017000324675
GPU,CRISP fused,1000,64,4,5.762856999353971
GPU,CRISP fused,1000,64,5,5.769135999798891
GPU,CRISP fused,1000,64,6,5.74719699943671
GPU,CRISP fused,1000,64,7,5.745137000303657
GPU,CRISP fused,1000,64,8,5.7494669999869075
GPU,CRISP fused,1000,64,9,5.761897000411409
GPU,CRISP fused,1000,64,10,5.7351859995833365
GPU,CRISP fused,1000,64,11,5.758346999755304
GPU,CRISP fused,1000,64,12,5.757027000072412
GPU,CRISP fused,1000,64,13,5.763346999628993
GPU,CRISP fused,1000,64,14,5.749036999986856
GPU,CRISP fused,1000,64,15,5.760045999522845
GPU,CRISP fused,2000,64,1,12.915102999613737
GPU,CRISP fused,2000,64,2,12.910012999782339
GPU,CRISP fused,2000,64,3,12.92142199963564
GPU,CRISP fused,2000,64,4,12.911533000078634
GPU,CRISP fused,2000,64,5,12.922773000354937
GPU,CRISP fused,2000,64,6,12.916722999761987
GPU,CRISP fused,2000,64,7,12.91764300003706
GPU,CRISP fused,2000,64,8,12.922221999360772
GPU,CRISP fused,2000,64,9,12.918153000100574
GPU,CRISP fused,2000,64,10,12.922592999530025
GPU,CRISP fused,2000,64,11,12.910053000268817
GPU,CRISP fused,2000,64,12,12.918763000016042
GPU,CRISP fused,2000,64,13,12.918862999867997
GPU,CRISP fused,2000,64,14,12.921032000122068
GPU,CRISP fused,2000,64,15,12.91784299974097
GPU,CRISP fused,5000,64,1,31.790281999747094
GPU,CRISP fused,5000,64,2,31.78312299951358
GPU,CRISP fused,5000,64,3,31.78747200036014
GPU,CRISP fused,5000,64,4,31.80723199966451
GPU,CRISP fused,5000,64,5,31.792062999556947
GPU,CRISP fused,5000,64,6,31.783081999492424
GPU,CRISP fused,5000,64,7,31.794561999959114
GPU,CRISP fused,5000,64,8,31.774543000210542
GPU,CRISP fused,5000,64,9,31.827041999349603
GPU,CRISP fused,5000,64,10,31.801002000065637
GPU,CRISP fused,5000,64,11,31.79261300010694
GPU,CRISP fused,5000,64,12,31.790891999662563
GPU,CRISP fused,5000,64,13,31.791763000001083
GPU,CRISP fused,5000,64,14,31.803562000277452
GPU,CRISP fused,5000,64,15,31.79051199913374
GPU,CRISP fused,10000,64,1,62.75093499971263
GPU,CRISP fused,10000,64,2,62.72665500000585
GPU,CRISP fused,10000,64,3,62.737475000176346
GPU,CRISP fused,10000,64,4,62.75084600019909
GPU,CRISP fused,10000,64,5,62.72055499994167
GPU,CRISP fused,10000,64,6,62.74216499969043
GPU,CRISP fused,10000,64,7,62.69454500034044
GPU,CRISP fused,10000,64,8,62.72552500013262
GPU,CRISP fused,10000,64,9,62.743944999965606
GPU,CRISP fused,10000,64,10,62.725595999836514
GPU,CRISP fused,10000,64,11,62.75209500017809
GPU,CRISP fused,10000,64,12,62.741005000134464
GPU,CRISP fused,10000,64,13,62.73359500028164
GPU,CRISP fused,10000,64,14,62.716815000385395
GPU,CRISP fused,10000,64,15,62.768665000476176
GPU,LIF Python loop,100,64,1,32.691119999071816
GPU,LIF Python loop,100,64,2,32.66490899841301
GPU,LIF Python loop,100,64,3,33.07178999966709
GPU,LIF Python loop,100,64,4,32.6980400022876
GPU,LIF Python loop,100,64,5,32.688000002963236
GPU,LIF Python loop,100,64,6,32.64947899879189
GPU,LIF Python loop,100,64,7,32.74319999763975
GPU,LIF Python loop,100,64,8,32.73976899799891
GPU,LIF Python loop,100,64,9,32.595570002740715
GPU,LIF Python loop,100,64,10,32.59837000223342
GPU,LIF Python loop,100,64,11,32.60698899975978
GPU,LIF Python loop,100,64,12,32.63730999969994
GPU,LIF Python loop,100,64,13,32.64968000075896
GPU,LIF Python loop,100,64,14,32.63056899959338
GPU,LIF Python loop,100,64,15,32.70011999848066
GPU,LIF Python loop,250,64,1,79.67256899792119
GPU,LIF Python loop,250,64,2,79.69280000179424
GPU,LIF Python loop,250,64,3,79.62531899829628
GPU,LIF Python loop,250,64,4,79.54989900099463
GPU,LIF Python loop,250,64,5,79.52002900128718
GPU,LIF Python loop,250,64,6,79.61023900134023
GPU,LIF Python loop,250,64,7,79.60558899867465
GPU,LIF Python loop,250,64,8,79.73207000031834
GPU,LIF Python loop,250,64,9,79.55756899900734
GPU,LIF Python loop,250,64,10,79.54407900251681
GPU,LIF Python loop,250,64,11,79.7807989983994
GPU,LIF Python loop,250,64,12,79.67362899944419
GPU,LIF Python loop,250,64,13,79.487800001516
GPU,LIF Python loop,250,64,14,79.60380900112796
GPU,LIF Python loop,250,64,15,79.53561899921624
GPU,LIF Python loop,500,64,1,156.30379899812397
GPU,LIF Python loop,500,64,2,156.7372780009464
GPU,LIF Python loop,500,64,3,156.6714979999233
GPU,LIF Python loop,500,64,4,156.85635900081252
GPU,LIF Python loop,500,64,5,156.68312800335116
GPU,LIF Python loop,500,64,6,156.0405489981349
GPU,LIF Python loop,500,64,7,156.72261799772969
GPU,LIF Python loop,500,64,8,156.31809799742769
GPU,LIF Python loop,500,64,9,156.64140900116763
GPU,LIF Python loop,500,64,10,156.67644799759728
GPU,LIF Python loop,500,64,11,156.4698080001108
GPU,LIF Python loop,500,64,12,156.89827900132514
GPU,LIF Python loop,500,64,13,156.93440799805103
GPU,LIF Python loop,500,64,14,156.76428900042083
GPU,LIF Python loop,500,64,15,156.46789799939143
GPU,LIF Python loop,1000,64,1,416.96472499825177
GPU,LIF Python loop,1000,64,2,417.9329860016878
GPU,LIF Python loop,1000,64,3,416.11764599656453
GPU,LIF Python loop,1000,64,4,417.6079850003589
GPU,LIF Python loop,1000,64,5,417.3833659988304
GPU,LIF Python loop,1000,64,6,416.2395259991172
GPU,LIF Python loop,1000,64,7,417.0501560001867
GPU,LIF Python loop,1000,64,8,416.666745000839
GPU,LIF Python loop,1000,64,9,417.5738360027026
GPU,LIF Python loop,1000,64,10,416.7666459979955
GPU,LIF Python loop,1000,64,11,417.2191549987474
GPU,LIF Python loop,1000,64,12,416.8574360010098
GPU,LIF Python loop,1000,64,13,417.72407600001316
GPU,LIF Python loop,1000,64,14,416.55780500150286
GPU,LIF Python loop,1000,64,15,416.9215459987754
GPU,LIF Python loop,2000,64,1,1870.0116209984117
GPU,LIF Python loop,2000,64,2,1861.6494699999748
GPU,LIF Python loop,2000,64,3,1865.688311001577
GPU,LIF Python loop,2000,64,4,1867.8343210012827
GPU,LIF Python loop,2000,64,5,1861.6446109990648
GPU,LIF Python loop,2000,64,6,1867.5168400004623
GPU,LIF Python loop,2000,64,7,1863.8798809988657
GPU,LIF Python loop,2000,64,8,1865.6902010006888
GPU,LIF Python loop,2000,64,9,1864.7215310011234
GPU,LIF Python loop,2000,64,10,1863.7132799995015
GPU,LIF Python loop,2000,64,11,1863.546240998403
GPU,LIF Python loop,2000,64,12,1866.276390999701
GPU,LIF Python loop,2000,64,13,1866.654290999577
GPU,LIF Python loop,2000,64,14,1861.9950400025118
GPU,LIF Python loop,2000,64,15,2369.036325999332
GPU,LIF Python loop,5000,64,1,10101.751634996617
GPU,LIF Python loop,5000,64,2,10101.444635998632
GPU,LIF Python loop,5000,64,3,10630.851221001649
GPU,LIF Python loop,10000,64,1,39320.81628200103
GPU,LIF Python loop,10000,64,2,39309.17823300115
GPU,LIF Python loop,10000,64,3,39822.75735700023
GPU,LIF fused,100,64,1,1.5505090004808153
GPU,LIF fused,100,64,2,1.507828999820049
GPU,LIF fused,100,64,3,1.5083289999893168
GPU,LIF fused,100,64,4,1.4577800002371077
GPU,LIF fused,100,64,5,1.4707589998579351
GPU,LIF fused,100,64,6,1.448229000743595
GPU,LIF fused,100,64,7,1.445658999728039
GPU,LIF fused,100,64,8,1.4491989995804033
GPU,LIF fused,100,64,9,1.428479999958654
GPU,LIF fused,100,64,10,1.4460290003626142
GPU,LIF fused,100,64,11,1.4193289998729597
GPU,LIF fused,100,64,12,1.4442290002989466
GPU,LIF fused,100,64,13,1.4164290005282965
GPU,LIF fused,100,64,14,1.4263089997257339
GPU,LIF fused,100,64,15,1.429420000022219
GPU,LIF fused,250,64,1,1.527880000139703
GPU,LIF fused,250,64,2,1.5005790000941488
GPU,LIF fused,250,64,3,1.4709289998791064
GPU,LIF fused,250,64,4,1.4730389993928839
GPU,LIF fused,250,64,5,1.432568999916839
GPU,LIF fused,250,64,6,1.4589500005968148
GPU,LIF fused,250,64,7,1.4203289993020007
GPU,LIF fused,250,64,8,1.4256590002332814
GPU,LIF fused,250,64,9,1.4381089995367802
GPU,LIF fused,250,64,10,1.408799000273575
GPU,LIF fused,250,64,11,1.4266400003180024
GPU,LIF fused,250,64,12,1.4116989996182383
GPU,LIF fused,250,64,13,1.4421890000448911
GPU,LIF fused,250,64,14,1.4122189995759982
GPU,LIF fused,250,64,15,1.4064790002521477
GPU,LIF fused,500,64,1,1.6883090002011159
GPU,LIF fused,500,64,2,1.696719000392477
GPU,LIF fused,500,64,3,1.6944190001595416
GPU,LIF fused,500,64,4,1.6651289997753338
GPU,LIF fused,500,64,5,1.656888999605144
GPU,LIF fused,500,64,6,1.648529000704002
GPU,LIF fused,500,64,7,1.6351390004274435
GPU,LIF fused,500,64,8,1.6396890005125897
GPU,LIF fused,500,64,9,1.6468690000692732
GPU,LIF fused,500,64,10,1.6201990001718514
GPU,LIF fused,500,64,11,1.6390999999202904
GPU,LIF fused,500,64,12,1.630218999707722
GPU,LIF fused,500,64,13,1.6073390006567934
GPU,LIF fused,500,64,14,1.6415890004282119
GPU,LIF fused,500,64,15,1.6293489998133737
GPU,LIF fused,1000,64,1,3.037988000869518
GPU,LIF fused,1000,64,2,3.0394380000871024
GPU,LIF fused,1000,64,3,3.0438379999395693
GPU,LIF fused,1000,64,4,3.0403889995795907
GPU,LIF fused,1000,64,5,3.0268880000221543
GPU,LIF fused,1000,64,6,3.0330380004670587
GPU,LIF fused,1000,64,7,3.027959000064584
GPU,LIF fused,1000,64,8,3.032097999493999
GPU,LIF fused,1000,64,9,3.021397999873443
GPU,LIF fused,1000,64,10,3.0198889999155654
GPU,LIF fused,1000,64,11,3.018767999492411
GPU,LIF fused,1000,64,12,3.0306779999591527
GPU,LIF fused,1000,64,13,3.02071900023293
GPU,LIF fused,1000,64,14,3.0205780003598193
GPU,LIF fused,1000,64,15,3.0309780004245113
GPU,LIF fused,2000,64,1,6.3753659997018985
GPU,LIF fused,2000,64,2,6.368176999785646
GPU,LIF fused,2000,64,3,6.355165999593737
GPU,LIF fused,2000,64,4,6.370637000145507
GPU,LIF fused,2000,64,5,6.363245999637002
GPU,LIF fused,2000,64,6,6.369427000208816
GPU,LIF fused,2000,64,7,6.37360600012471
GPU,LIF fused,2000,64,8,6.353196000418393
GPU,LIF fused,2000,64,9,6.36310699974274
GPU,LIF fused,2000,64,10,6.354165999255201
GPU,LIF fused,2000,64,11,6.355256999995618
GPU,LIF fused,2000,64,12,6.3637359999120235
GPU,LIF fused,2000,64,13,6.3509270003123675
GPU,LIF fused,2000,64,14,6.350325999846973
GPU,LIF fused,2000,64,15,6.347117000586877
GPU,LIF fused,5000,64,1,15.6631820000257
GPU,LIF fused,5000,64,2,15.667521000068518
GPU,LIF fused,5000,64,3,15.692541000134952
GPU,LIF fused,5000,64,4,15.671721000217076
GPU,LIF fused,5000,64,5,15.664612000364286
GPU,LIF fused,5000,64,6,15.666840999983833
GPU,LIF fused,5000,64,7,15.704540999649907
GPU,LIF fused,5000,64,8,15.67639200038684
GPU,LIF fused,5000,64,9,15.70190099937463
GPU,LIF fused,5000,64,10,15.680980999604799
GPU,LIF fused,5000,64,11,15.688530999796058
GPU,LIF fused,5000,64,12,15.695572000367974
GPU,LIF fused,5000,64,13,15.695760999733466
GPU,LIF fused,5000,64,14,15.695500999754586
GPU,LIF fused,5000,64,15,15.687961000367068
GPU,LIF fused,10000,64,1,31.489612999394012
GPU,LIF fused,10000,64,2,31.437581999853137
GPU,LIF fused,10000,64,3,31.489212999986194
GPU,LIF fused,10000,64,4,31.43478200036043
GPU,LIF fused,10000,64,5,31.435793000127887
GPU,LIF fused,10000,64,6,31.424201999470824
GPU,LIF fused,10000,64,7,31.439952999789966
GPU,LIF fused,10000,64,8,31.455421999453392
GPU,LIF fused,10000,64,9,31.423073000041768
GPU,LIF fused,10000,64,10,31.493751999732922
GPU,LIF fused,10000,64,11,31.43330300008529
GPU,LIF fused,10000,64,12,31.410212000082538
GPU,LIF fused,10000,64,13,31.458433000807418
GPU,LIF fused,10000,64,14,31.439762000445626
GPU,LIF fused,10000,64,15,31.47122300015326
GPU,SPSN official code,100,64,1,1.3124700017215218
GPU,SPSN official code,100,64,2,1.294929999858141
GPU,SPSN official code,100,64,3,1.2684499997703824
GPU,SPSN official code,100,64,4,1.268429998162901
GPU,SPSN official code,100,64,5,1.2832499996875413
GPU,SPSN official code,100,64,6,1.2721900020551402
GPU,SPSN official code,100,64,7,1.2547500009532087
GPU,SPSN official code,100,64,8,1.2627700016309973
GPU,SPSN official code,100,64,9,1.2773700000252575
GPU,SPSN official code,100,64,10,1.2597400018421467
GPU,SPSN official code,100,64,11,1.2579700014612172
GPU,SPSN official code,100,64,12,1.2647999974433333
GPU,SPSN official code,100,64,13,1.2776699986716267
GPU,SPSN official code,100,64,14,1.2514499976532534
GPU,SPSN official code,100,64,15,1.2434599993866868
GPU,SPSN official code,250,64,1,2.4313600006280467
GPU,SPSN official code,250,64,2,2.4348499973712023
GPU,SPSN official code,250,64,3,2.426540002488764
GPU,SPSN official code,250,64,4,2.4259899983007926
GPU,SPSN official code,250,64,5,2.4250199967355
GPU,SPSN official code,250,64,6,2.4242699983005878
GPU,SPSN official code,250,64,7,2.4353799999516923
GPU,SPSN official code,250,64,8,2.4312299974553753
GPU,SPSN official code,250,64,9,2.4242400031653233
GPU,SPSN official code,250,64,10,2.4219799997808877
GPU,SPSN official code,250,64,11,2.433600002405001
GPU,SPSN official code,250,64,12,2.418009997199988
GPU,SPSN official code,250,64,13,2.421160002995748
GPU,SPSN official code,250,64,14,2.42608899861807
GPU,SPSN official code,250,64,15,2.4303700010932516
GPU,SPSN official code,500,64,1,4.476989997783676
GPU,SPSN official code,500,64,2,4.47287000133656
GPU,SPSN official code,500,64,3,4.468199997063493
GPU,SPSN official code,500,64,4,4.474019999179291
GPU,SPSN official code,500,64,5,4.468399998586392
GPU,SPSN official code,500,64,6,4.481029998714803
GPU,SPSN official code,500,64,7,4.4784099991375115
GPU,SPSN official code,500,64,8,4.4606700030271895
GPU,SPSN official code,500,64,9,4.472119999263668
GPU,SPSN official code,500,64,10,4.469030001928331
GPU,SPSN official code,500,64,11,4.469190000236267
GPU,SPSN official code,500,64,12,4.474159999517724
GPU,SPSN official code,500,64,13,4.474059998756275
GPU,SPSN official code,500,64,14,4.469248997338582
GPU,SPSN official code,500,64,15,4.48340000002645
GPU,SPSN official code,1000,64,1,11.59397999799694
GPU,SPSN official code,1000,64,2,11.530980002135038
GPU,SPSN official code,1000,64,3,11.548869999387534
GPU,SPSN official code,1000,64,4,11.539499999344116
GPU,SPSN official code,1000,64,5,11.532229000295047
GPU,SPSN official code,1000,64,6,11.580350001167972
GPU,SPSN official code,1000,64,7,11.542410000402015
GPU,SPSN official code,1000,64,8,11.551889998372644
GPU,SPSN official code,1000,64,9,11.547820002306253
GPU,SPSN official code,1000,64,10,11.530269999639131
GPU,SPSN official code,1000,64,11,11.559329999727197
GPU,SPSN official code,1000,64,12,11.533640001289314
GPU,SPSN official code,1000,64,13,11.559849997865967
GPU,SPSN official code,1000,64,14,11.54341900110012
GPU,SPSN official code,1000,64,15,11.534459998074453
GPU,SPSN official code,2000,64,1,24.047120001341682
GPU,SPSN official code,2000,64,2,24.048949999269098
GPU,SPSN official code,2000,64,3,24.048829000093974
GPU,SPSN official code,2000,64,4,24.049970001215115
GPU,SPSN official code,2000,64,5,24.046760001510847
GPU,SPSN official code,2000,64,6,24.053419998381287
GPU,SPSN official code,2000,64,7,24.043689998507034
GPU,SPSN official code,2000,64,8,24.036808998062043
GPU,SPSN official code,2000,64,9,24.03458999833674
GPU,SPSN official code,2000,64,10,24.03248999689822
GPU,SPSN official code,2000,64,11,24.049239997111727
GPU,SPSN official code,2000,64,12,24.032229001022642
GPU,SPSN official code,2000,64,13,24.054479999904288
GPU,SPSN official code,2000,64,14,24.032450000959216
GPU,SPSN official code,2000,64,15,24.034829999436624
GPU,SPSN official code,5000,64,1,62.379488997976296
GPU,SPSN official code,5000,64,2,62.3487800003204
GPU,SPSN official code,5000,64,3,62.36356899898965
GPU,SPSN official code,5000,64,4,62.36083999829134
GPU,SPSN official code,5000,64,5,62.36668899873621
GPU,SPSN official code,5000,64,6,62.35567000112496
GPU,SPSN official code,5000,64,7,62.392218998866156
GPU,SPSN official code,5000,64,8,62.36689000070328
GPU,SPSN official code,5000,64,9,62.3586889996659
GPU,SPSN official code,5000,64,10,62.3596000004909
GPU,SPSN official code,5000,64,11,62.39766900034738
GPU,SPSN official code,5000,64,12,62.36116899890476
GPU,SPSN official code,5000,64,13,62.35878999723354
GPU,SPSN official code,5000,64,14,62.33419900308945
GPU,SPSN official code,5000,64,15,62.35179000213975
GPU,SPSN official code,10000,64,1,145.53483799682
GPU,SPSN official code,10000,64,2,145.59773800283438
GPU,SPSN official code,10000,64,3,145.5619980006304
GPU,SPSN official code,10000,64,4,145.56214900221676
GPU,SPSN official code,10000,64,5,145.58192800177494
GPU,SPSN official code,10000,64,6,145.56187800189946
GPU,SPSN official code,10000,64,7,145.6235680016107
GPU,SPSN official code,10000,64,8,145.55956899857847
GPU,SPSN official code,10000,64,9,145.5556679975416
GPU,SPSN official code,10000,64,10,145.55527799893753
GPU,SPSN official code,10000,64,11,145.56394800092676
GPU,SPSN official code,10000,64,12,145.55241899870452
GPU,SPSN official code,10000,64,13,145.56781799910823
GPU,SPSN official code,10000,64,14,145.61379799852148
GPU,SPSN official code,10000,64,15,145.60431899735704
TPU,CRISP chunked matrix,100,64,1,16.520440000022063
TPU,CRISP chunked matrix,100,64,2,16.351588999896194
TPU,CRISP chunked matrix,100,64,3,16.408880000199133
TPU,CRISP chunked matrix,100,64,4,16.480010000123002
TPU,CRISP chunked matrix,100,64,5,16.568179999921995
TPU,CRISP chunked matrix,100,64,6,16.472319000058633
TPU,CRISP chunked matrix,100,64,7,16.45511999959126
TPU,CRISP chunked matrix,100,64,8,16.41695000034815
TPU,CRISP chunked matrix,100,64,9,16.902160000427102
TPU,CRISP chunked matrix,100,64,10,16.77699899937579
TPU,CRISP chunked matrix,100,64,11,16.75673000045208
TPU,CRISP chunked matrix,100,64,12,16.37470000059693
TPU,CRISP chunked matrix,100,64,13,16.435319999800413
TPU,CRISP chunked matrix,100,64,14,16.59136899979785
TPU,CRISP chunked matrix,100,64,15,16.754770000261487
TPU,CRISP chunked matrix,250,64,1,16.342299999450915
TPU,CRISP chunked matrix,250,64,2,16.373620000194933
TPU,CRISP chunked matrix,250,64,3,16.468010000608047
TPU,CRISP chunked matrix,250,64,4,16.384339000069303
TPU,CRISP chunked matrix,250,64,5,16.377389999433944
TPU,CRISP chunked matrix,250,64,6,16.448559999844292
TPU,CRISP chunked matrix,250,64,7,16.806980000183103
TPU,CRISP chunked matrix,250,64,8,17.041739999513084
TPU,CRISP chunked matrix,250,64,9,16.89781899949594
TPU,CRISP chunked matrix,250,64,10,16.65889000014431
TPU,CRISP chunked matrix,250,64,11,16.471899999487505
TPU,CRISP chunked matrix,250,64,12,16.22543899975426
TPU,CRISP chunked matrix,250,64,13,16.293609999593173
TPU,CRISP chunked matrix,250,64,14,16.504449999956705
TPU,CRISP chunked matrix,250,64,15,16.73183999992034
TPU,CRISP chunked matrix,500,64,1,18.275850000463834
TPU,CRISP chunked matrix,500,64,2,18.324069999835046
TPU,CRISP chunked matrix,500,64,3,18.3737099996506
TPU,CRISP chunked matrix,500,64,4,18.424490000143123
TPU,CRISP chunked matrix,500,64,5,18.37133899971377
TPU,CRISP chunked matrix,500,64,6,18.34867000070517
TPU,CRISP chunked matrix,500,64,7,18.459050000274146
TPU,CRISP chunked matrix,500,64,8,18.337900000005902
TPU,CRISP chunked matrix,500,64,9,18.257700000503974
TPU,CRISP chunked matrix,500,64,10,18.349669999224716
TPU,CRISP chunked matrix,500,64,11,18.44256000003952
TPU,CRISP chunked matrix,500,64,12,18.377829999735695
TPU,CRISP chunked matrix,500,64,13,18.277488999956404
TPU,CRISP chunked matrix,500,64,14,18.34847999998601
TPU,CRISP chunked matrix,500,64,15,18.51126000019576
TPU,CRISP chunked matrix,1000,64,1,23.358318999271432
TPU,CRISP chunked matrix,1000,64,2,24.10983000027045
TPU,CRISP chunked matrix,1000,64,3,22.349169999870355
TPU,CRISP chunked matrix,1000,64,4,22.91720900029759
TPU,CRISP chunked matrix,1000,64,5,21.936669999377045
TPU,CRISP chunked matrix,1000,64,6,21.8562899999597
TPU,CRISP chunked matrix,1000,64,7,21.830869999575953
TPU,CRISP chunked matrix,1000,64,8,21.869730000616983
TPU,CRISP chunked matrix,1000,64,9,21.891420000429207
TPU,CRISP chunked matrix,1000,64,10,21.802938999826438
TPU,CRISP chunked matrix,1000,64,11,21.830040000168083
TPU,CRISP chunked matrix,1000,64,12,22.269790000791545
TPU,CRISP chunked matrix,1000,64,13,22.2112700002981
TPU,CRISP chunked matrix,1000,64,14,21.952950000013516
TPU,CRISP chunked matrix,1000,64,15,21.942708999631577
TPU,CRISP chunked matrix,2000,64,1,30.071328999838443
TPU,CRISP chunked matrix,2000,64,2,30.55915000004461
TPU,CRISP chunked matrix,2000,64,3,30.447510000158218
TPU,CRISP chunked matrix,2000,64,4,30.45583000039187
TPU,CRISP chunked matrix,2000,64,5,30.477470000732865
TPU,CRISP chunked matrix,2000,64,6,30.33474899984867
TPU,CRISP chunked matrix,2000,64,7,30.435310999564535
TPU,CRISP chunked matrix,2000,64,8,30.83641900047951
TPU,CRISP chunked matrix,2000,64,9,30.54803000031825
TPU,CRISP chunked matrix,2000,64,10,30.64304899999115
TPU,CRISP chunked matrix,2000,64,11,30.527990000337013
TPU,CRISP chunked matrix,2000,64,12,30.50824999991164
TPU,CRISP chunked matrix,2000,64,13,30.54255999995803
TPU,CRISP chunked matrix,2000,64,14,30.53862900014792
TPU,CRISP chunked matrix,2000,64,15,30.6482900004994
TPU,CRISP chunked matrix,5000,64,1,55.94621899945196
TPU,CRISP chunked matrix,5000,64,2,57.13893000029202
TPU,CRISP chunked matrix,5000,64,3,56.95720899893786
TPU,CRISP chunked matrix,5000,64,4,56.39365000024554
TPU,CRISP chunked matrix,5000,64,5,56.41773000024841
TPU,CRISP chunked matrix,5000,64,6,56.51288899935025
TPU,CRISP chunked matrix,5000,64,7,56.20396999984223
TPU,CRISP chunked matrix,5000,64,8,56.6130389997852
TPU,CRISP chunked matrix,5000,64,9,56.61673999929917
TPU,CRISP chunked matrix,5000,64,10,56.41334899883077
TPU,CRISP chunked matrix,5000,64,11,56.69601000045077
TPU,CRISP chunked matrix,5000,64,12,56.53606999840122
TPU,CRISP chunked matrix,5000,64,13,56.67308900046919
TPU,CRISP chunked matrix,5000,64,14,56.62674999985029
TPU,CRISP chunked matrix,5000,64,15,57.5529590005317
TPU,CRISP chunked matrix,10000,64,1,105.96519899991108
TPU,CRISP chunked matrix,10000,64,2,105.00343899911968
TPU,CRISP chunked matrix,10000,64,3,105.43296899959387
TPU,CRISP chunked matrix,10000,64,4,105.63244899822166
TPU,CRISP chunked matrix,10000,64,5,106.498430001011
TPU,CRISP chunked matrix,10000,64,6,105.25092900024902
TPU,CRISP chunked matrix,10000,64,7,105.50097899977118
TPU,CRISP chunked matrix,10000,64,8,105.89625899956445
TPU,CRISP chunked matrix,10000,64,9,105.18893900007242
TPU,CRISP chunked matrix,10000,64,10,105.4859200012288
TPU,CRISP chunked matrix,10000,64,11,105.86263000004692
TPU,CRISP chunked matrix,10000,64,12,105.76837799999339
TPU,CRISP chunked matrix,10000,64,13,105.8053500000824
TPU,CRISP chunked matrix,10000,64,14,105.4133779998665
TPU,CRISP chunked matrix,10000,64,15,105.83505999966292
TPU,CRISP Toeplitz matrix,100,64,1,12.785949999852164
TPU,CRISP Toeplitz matrix,100,64,2,13.142689000233077
TPU,CRISP Toeplitz matrix,100,64,3,12.955690000126197
TPU,CRISP Toeplitz matrix,100,64,4,14.546970000083093
TPU,CRISP Toeplitz matrix,100,64,5,12.99817999915831
TPU,CRISP Toeplitz matrix,100,64,6,12.945479999871168
TPU,CRISP Toeplitz matrix,100,64,7,12.884099000075366
TPU,CRISP Toeplitz matrix,100,64,8,12.141719999817724
TPU,CRISP Toeplitz matrix,100,64,9,12.166479999905278
TPU,CRISP Toeplitz matrix,100,64,10,12.090910000551958
TPU,CRISP Toeplitz matrix,100,64,11,11.960410000028787
TPU,CRISP Toeplitz matrix,100,64,12,12.137899999288493
TPU,CRISP Toeplitz matrix,100,64,13,12.06571900002018
TPU,CRISP Toeplitz matrix,100,64,14,12.026060000607686
TPU,CRISP Toeplitz matrix,100,64,15,12.101179999262968
TPU,CRISP Toeplitz matrix,250,64,1,15.664679000110482
TPU,CRISP Toeplitz matrix,250,64,2,15.75935999971989
TPU,CRISP Toeplitz matrix,250,64,3,15.60874899951159
TPU,CRISP Toeplitz matrix,250,64,4,15.598260000842856
TPU,CRISP Toeplitz matrix,250,64,5,15.720209999926738
TPU,CRISP Toeplitz matrix,250,64,6,15.67685000009078
TPU,CRISP Toeplitz matrix,250,64,7,15.699210000093444
TPU,CRISP Toeplitz matrix,250,64,8,15.656979000596039
TPU,CRISP Toeplitz matrix,250,64,9,15.61411000056978
TPU,CRISP Toeplitz matrix,250,64,10,15.703640000538144
TPU,CRISP Toeplitz matrix,250,64,11,15.814299999874493
TPU,CRISP Toeplitz matrix,250,64,12,15.647439000531449
TPU,CRISP Toeplitz matrix,250,64,13,15.660560000469559
TPU,CRISP Toeplitz matrix,250,64,14,15.74594999965484
TPU,CRISP Toeplitz matrix,250,64,15,15.541129999292025
TPU,CRISP Toeplitz matrix,500,64,1,27.687781000167888
TPU,CRISP Toeplitz matrix,500,64,2,28.057108000211883
TPU,CRISP Toeplitz matrix,500,64,3,27.82247999948595
TPU,CRISP Toeplitz matrix,500,64,4,27.879779999238963
TPU,CRISP Toeplitz matrix,500,64,5,28.265031000046292
TPU,CRISP Toeplitz matrix,500,64,6,27.8552990002936
TPU,CRISP Toeplitz matrix,500,64,7,28.14124999986234
TPU,CRISP Toeplitz matrix,500,64,8,28.324569000687916
TPU,CRISP Toeplitz matrix,500,64,9,27.731189999940398
TPU,CRISP Toeplitz matrix,500,64,10,27.864259000125458
TPU,CRISP Toeplitz matrix,500,64,11,27.95809899998858
TPU,CRISP Toeplitz matrix,500,64,12,27.81085000060557
TPU,CRISP Toeplitz matrix,500,64,13,27.88470999985293
TPU,CRISP Toeplitz matrix,500,64,14,27.831639999931213
TPU,CRISP Toeplitz matrix,500,64,15,27.73002899994026
TPU,CRISP Toeplitz matrix,1000,64,1,64.4902979993276
TPU,CRISP Toeplitz matrix,1000,64,2,64.85119999979361
TPU,CRISP Toeplitz matrix,1000,64,3,64.96674899972277
TPU,CRISP Toeplitz matrix,1000,64,4,64.9610489999759
TPU,CRISP Toeplitz matrix,1000,64,5,65.01415999991877
TPU,CRISP Toeplitz matrix,1000,64,6,65.18294899979082
TPU,CRISP Toeplitz matrix,1000,64,7,65.01542899968626
TPU,CRISP Toeplitz matrix,1000,64,8,65.00922000032006
TPU,CRISP Toeplitz matrix,1000,64,9,64.9720300007175
TPU,CRISP Toeplitz matrix,1000,64,10,65.08797900005447
TPU,CRISP Toeplitz matrix,1000,64,11,65.06403899948054
TPU,CRISP Toeplitz matrix,1000,64,12,64.98319000002084
TPU,CRISP Toeplitz matrix,1000,64,13,65.05380900034652
TPU,CRISP Toeplitz matrix,1000,64,14,64.92197900024621
TPU,CRISP Toeplitz matrix,1000,64,15,64.94850999933988
TPU,LIF XLA scan,100,64,1,180.82946699996683
TPU,LIF XLA scan,100,64,2,177.4564770003053
TPU,LIF XLA scan,100,64,3,180.18746800044028
TPU,LIF XLA scan,100,64,4,176.73901699981798
TPU,LIF XLA scan,100,64,5,180.2327380000861
TPU,LIF XLA scan,100,64,6,177.58594699989771
TPU,LIF XLA scan,100,64,7,180.64349699943705
TPU,LIF XLA scan,100,64,8,177.89813800027332
TPU,LIF XLA scan,100,64,9,179.9987570002486
TPU,LIF XLA scan,100,64,10,177.42797800019616
TPU,LIF XLA scan,100,64,11,180.15642699992895
TPU,LIF XLA scan,100,64,12,177.44286800007103
TPU,LIF XLA scan,100,64,13,181.5792670004157
TPU,LIF XLA scan,100,64,14,178.52104699977644
TPU,LIF XLA scan,100,64,15,180.7539680003174
TPU,LIF XLA scan,250,64,1,184.73971700041147
TPU,LIF XLA scan,250,64,2,183.84047699964867
TPU,LIF XLA scan,250,64,3,182.39671799983626
TPU,LIF XLA scan,250,64,4,182.79324699960853
TPU,LIF XLA scan,250,64,5,192.7065069994569
TPU,LIF XLA scan,250,64,6,184.22797799939872
TPU,LIF XLA scan,250,64,7,181.31621700013056
TPU,LIF XLA scan,250,64,8,178.4948370004713
TPU,LIF XLA scan,250,64,9,180.86365800081694
TPU,LIF XLA scan,250,64,10,179.434886999843
TPU,LIF XLA scan,250,64,11,184.28338699959568
TPU,LIF XLA scan,250,64,12,178.59652799961623
TPU,LIF XLA scan,250,64,13,182.62626700015971
TPU,LIF XLA scan,250,64,14,179.09371699988696
TPU,LIF XLA scan,250,64,15,186.6055079999569
TPU,LIF XLA scan,500,64,1,190.71060799979023
TPU,LIF XLA scan,500,64,2,186.537698000393
TPU,LIF XLA scan,500,64,3,190.7458489995406
TPU,LIF XLA scan,500,64,4,187.37556799987942
TPU,LIF XLA scan,500,64,5,191.09277900042798
TPU,LIF XLA scan,500,64,6,189.34640800034686
TPU,LIF XLA scan,500,64,7,191.69179900018207
TPU,LIF XLA scan,500,64,8,189.5504690000962
TPU,LIF XLA scan,500,64,9,189.94642799953
TPU,LIF XLA scan,500,64,10,187.9824980005651
TPU,LIF XLA scan,500,64,11,190.39034899924445
TPU,LIF XLA scan,500,64,12,188.92879800023366
TPU,LIF XLA scan,500,64,13,190.83869800033426
TPU,LIF XLA scan,500,64,14,188.3819599997878
TPU,LIF XLA scan,500,64,15,190.06192699998792
TPU,LIF XLA scan,1000,64,1,206.09566900020582
TPU,LIF XLA scan,1000,64,2,206.28741800010175
TPU,LIF XLA scan,1000,64,3,207.03763799974695
TPU,LIF XLA scan,1000,64,4,205.33431900003052
TPU,LIF XLA scan,1000,64,5,210.5100679991665
TPU,LIF XLA scan,1000,64,6,209.86408699991443
TPU,LIF XLA scan,1000,64,7,214.61567000005743
TPU,LIF XLA scan,1000,64,8,209.9673780003286
TPU,LIF XLA scan,1000,64,9,213.81763800036424
TPU,LIF XLA scan,1000,64,10,217.49430799991387
TPU,LIF XLA scan,1000,64,11,216.1316279998573
TPU,LIF XLA scan,1000,64,12,211.96856799997477
TPU,LIF XLA scan,1000,64,13,217.3100190002515
TPU,LIF XLA scan,1000,64,14,211.4099680002255
TPU,LIF XLA scan,1000,64,15,215.5075079999733
TPU,LIF XLA scan,2000,64,1,251.64057799975126
TPU,LIF XLA scan,2000,64,2,253.82089799950336
TPU,LIF XLA scan,2000,64,3,261.98974800081487
TPU,LIF XLA scan,2000,64,4,257.75936799982446
TPU,LIF XLA scan,2000,64,5,257.70039800045197
TPU,LIF XLA scan,2000,64,6,252.26005800050189
TPU,LIF XLA scan,2000,64,7,254.30732799941325
TPU,LIF XLA scan,2000,64,8,251.25183700038178
TPU,LIF XLA scan,2000,64,9,253.97465799960628
TPU,LIF XLA scan,2000,64,10,252.1547679998548
TPU,LIF XLA scan,2000,64,11,253.89792900023167
TPU,LIF XLA scan,2000,64,12,250.27353699988453
TPU,LIF XLA scan,2000,64,13,253.20271799955663
TPU,LIF XLA scan,2000,64,14,252.70043700038514
TPU,LIF XLA scan,2000,64,15,255.224329000157
TPU,LIF XLA scan,5000,64,1,360.7228769997164
TPU,LIF XLA scan,5000,64,2,360.3608470002655
TPU,LIF XLA scan,5000,64,3,363.10876600146
TPU,LIF XLA scan,5000,64,4,360.8436779995827
TPU,LIF XLA scan,5000,64,5,364.0362059995823
TPU,LIF XLA scan,5000,64,6,360.2676470000006
TPU,LIF XLA scan,5000,64,7,363.5188169992034
TPU,LIF XLA scan,5000,64,8,361.23232700083463
TPU,LIF XLA scan,5000,64,9,363.6370269996405
TPU,LIF XLA scan,5000,64,10,360.8447469996463
TPU,LIF XLA scan,5000,64,11,363.81445699953474
TPU,LIF XLA scan,5000,64,12,360.2109980001842
TPU,LIF XLA scan,5000,64,13,365.15882599996985
TPU,LIF XLA scan,5000,64,14,361.77440600113187
TPU,LIF XLA scan,5000,64,15,363.6370780004654
TPU,LIF XLA scan,10000,64,1,547.7903470000456
TPU,LIF XLA scan,10000,64,2,547.9709450009977
TPU,LIF XLA scan,10000,64,3,549.7695169997314
TPU,LIF XLA scan,10000,64,4,546.1017760007962
TPU,LIF XLA scan,10000,64,5,545.86814600043
TPU,LIF XLA scan,10000,64,6,542.3812770004588
TPU,LIF XLA scan,10000,64,7,544.9615460001951
TPU,LIF XLA scan,10000,64,8,542.8932569993776
TPU,LIF XLA scan,10000,64,9,545.1424559996667
TPU,LIF XLA scan,10000,64,10,543.0166860005556
TPU,LIF XLA scan,10000,64,11,545.8589170011692
TPU,LIF XLA scan,10000,64,12,544.1571049996128
TPU,LIF XLA scan,10000,64,13,545.1556959997106
TPU,LIF XLA scan,10000,64,14,547.2501669992198
TPU,LIF XLA scan,10000,64,15,545.0182160002441
