device,method,sequence_length,batch_size,status,median_step_ms,minimum_step_ms,maximum_step_ms,timed_repetitions,warmup_repetitions,peak_memory_MiB,baseline_memory_MiB,above_baseline_memory_MiB
GPU,CRISP parallel scan,100,64,ok,17.50865899884957,17.484619998867856,17.52168999882997,15,3,2377.470703125,39.28857421875,2338.18212890625
GPU,CRISP parallel scan,250,64,ok,59.69747999915853,59.67840899756993,59.73949899998843,15,3,6604.2890625,64.01318359375,6540.27587890625
GPU,CRISP parallel scan,500,64,ok,132.8327490009542,132.78587899912964,132.8953080010251,15,3,14521.923828125,107.28857421875,14414.63525390625
GPU,CRISP parallel scan,1000,64,ok,293.70633700091275,293.567927001277,293.7697870002012,15,3,32019.759765625,192.18701171875,31827.57275390625
GPU,CRISP parallel scan,2000,64,ok,646.7789839989564,646.4729030012677,646.9835639982193,15,3,70020.361328125,363.28857421875,69657.07275390625
GPU,CRISP parallel scan,5000,64,oom,,,,,,,,
GPU,CRISP parallel scan,10000,64,not_reported,,,,,,,,
GPU,CRISP FFT,100,64,ok,2.455559999361867,2.4377700028708205,2.5014500024553854,15,3,167.9951171875,39.28857421875,128.70654296875
GPU,CRISP FFT,250,64,ok,2.688270000362536,2.6669299986679107,2.7160099998582155,15,3,393.1171875,64.01318359375,329.10400390625
GPU,CRISP FFT,500,64,ok,4.710530000011204,4.700990000856109,4.733580000902293,15,3,752.763671875,107.28857421875,645.47509765625
GPU,CRISP FFT,1000,64,ok,11.79991000026348,11.78142999924603,11.812060001830105,15,3,1490.77734375,192.18701171875,1298.59033203125
GPU,CRISP FFT,2000,64,ok,25.77649899831158,25.757970000995556,25.79203899949789,15,3,2944.724609375,363.28857421875,2581.43603515625
GPU,CRISP FFT,5000,64,ok,65.16019999980927,65.12238000141224,65.18590999985463,15,3,7335.771484375,875.78076171875,6459.99072265625
GPU,CRISP FFT,10000,64,ok,147.25021900085267,147.21957900110283,147.2886390001804,15,3,16467.04150390625,1730.27294921875,14736.7685546875
GPU,CRISP chunked matrix,100,64,ok,4.235669999616221,4.207029996905476,4.279120003047865,15,3,134.11474609375,39.28857421875,94.826171875
GPU,CRISP chunked matrix,250,64,ok,4.9397799994039815,4.917889997159364,4.974690000381088,15,3,271.8955078125,64.01318359375,207.88232421875
GPU,CRISP chunked matrix,500,64,ok,6.413019997125957,6.379389997164253,6.470718999480596,15,3,535.2646484375,107.28857421875,427.97607421875
GPU,CRISP chunked matrix,1000,64,ok,10.728149998612935,10.702840001613367,10.79934999870602,15,3,1071.9755859375,192.18701171875,879.78857421875
GPU,CRISP chunked matrix,2000,64,ok,25.257670000428334,25.23554900108138,25.28025899664499,15,3,2206.2021484375,363.28857421875,1842.91357421875
GPU,CRISP chunked matrix,5000,64,ok,72.18724899939843,72.16199899994535,72.213940002257,15,3,5921.1943359375,875.78076171875,5045.41357421875
GPU,CRISP chunked matrix,10000,64,ok,156.14098899823148,156.05885900004068,156.18320900102844,15,3,12237.1865234375,1730.27294921875,10506.91357421875
GPU,CRISP fused,100,64,ok,3.104368000094837,3.088888000092993,3.1894579997242545,15,3,128.20361328125,39.32373046875,88.8798828125
GPU,CRISP fused,250,64,ok,3.08424900049431,3.0487089998132433,3.198327999598405,15,3,249.8291015625,64.04833984375,185.78076171875
GPU,CRISP fused,500,64,ok,3.4142779995818273,3.382569000677904,3.8368180003089947,15,3,473.0107421875,107.32373046875,365.68701171875
GPU,CRISP fused,1000,64,ok,5.749677000494557,5.7351859995833365,5.769135999798891,15,3,905.7216796875,192.22216796875,713.49951171875
GPU,CRISP fused,2000,64,ok,12.918153000100574,12.910012999782339,12.922773000354937,15,3,1791.0732421875,363.32373046875,1427.74951171875
GPU,CRISP fused,5000,64,ok,31.791763000001083,31.774543000210542,31.827041999349603,15,3,4408.4404296875,875.81591796875,3532.62451171875
GPU,CRISP fused,10000,64,ok,62.737475000176346,62.69454500034044,62.768665000476176,15,3,8784.3076171875,1730.30810546875,7053.99951171875
GPU,LIF Python loop,100,64,ok,32.66490899841301,32.595570002740715,33.07178999966709,15,3,135.01171875,39.16943359375,95.84228515625
GPU,LIF Python loop,250,64,ok,79.60558899867465,79.487800001516,79.7807989983994,15,3,307.298828125,63.89404296875,243.40478515625
GPU,LIF Python loop,500,64,ok,156.67644799759728,156.0405489981349,156.93440799805103,15,3,595.01171875,107.16943359375,487.84228515625
GPU,LIF Python loop,1000,64,ok,416.96472499825177,416.11764599656453,417.9329860016878,15,3,1160.53515625,192.06787109375,968.46728515625
GPU,LIF Python loop,2000,64,ok,1865.688311001577,1861.6446109990648,2369.036325999332,15,3,2307.13671875,363.16943359375,1943.96728515625
GPU,LIF Python loop,5000,64,ok,10101.751634996617,10101.444635998632,10630.851221001649,3,3,5718.37890625,875.66162109375,4842.71728515625
GPU,LIF Python loop,10000,64,ok,39320.81628200103,39309.17823300115,39822.75735700023,3,3,11422.62109375,1730.15380859375,9692.46728515625
GPU,LIF fused,100,64,ok,1.4460290003626142,1.4164290005282965,1.5505090004808153,15,3,91.984375,39.20458984375,52.77978515625
GPU,LIF fused,250,64,ok,1.432568999916839,1.4064790002521477,1.527880000139703,15,3,198.115234375,63.92919921875,134.18603515625
GPU,LIF fused,500,64,ok,1.6415890004282119,1.6073390006567934,1.696719000392477,15,3,377.859375,107.20458984375,270.65478515625
GPU,LIF fused,1000,64,ok,3.0306779999591527,3.018767999492411,3.0438379999395693,15,3,723.1328125,192.10302734375,531.02978515625
GPU,LIF fused,2000,64,ok,6.36310699974274,6.347117000586877,6.3753659997018985,15,3,1434.234375,363.20458984375,1071.02978515625
GPU,LIF fused,5000,64,ok,15.687961000367068,15.6631820000257,15.704540999649907,15,3,3530.9765625,875.69677734375,2655.27978515625
GPU,LIF fused,10000,64,ok,31.439762000445626,31.410212000082538,31.493751999732922,15,3,7049.71875,1730.18896484375,5319.52978515625
GPU,SPSN official code,100,64,ok,1.268429998162901,1.2434599993866868,1.3124700017215218,15,3,166.4521484375,39.13671875,127.3154296875
GPU,SPSN official code,250,64,ok,2.42608899861807,2.418009997199988,2.4353799999516923,15,3,378.5546875,63.8642578125,314.6904296875
GPU,SPSN official code,500,64,ok,4.47287000133656,4.4606700030271895,4.48340000002645,15,3,734.4609375,107.1455078125,627.3154296875
GPU,SPSN official code,1000,64,ok,11.54341900110012,11.530269999639131,11.59397999799694,15,3,1445.24609375,192.0556640625,1253.1904296875
GPU,SPSN official code,2000,64,ok,24.046760001510847,24.032229001022642,24.054479999904288,15,3,2862.49609375,363.1806640625,2499.3154296875
GPU,SPSN official code,5000,64,ok,62.36083999829134,62.33419900308945,62.39766900034738,15,3,7128.93212890625,875.74169921875,6253.1904296875
GPU,SPSN official code,10000,64,ok,145.56214900221676,145.53483799682,145.6235680016107,15,3,16729.53857421875,1730.34814453125,14999.1904296875
TPU,CRISP chunked matrix,100,64,ok,16.480010000123002,16.351588999896194,16.902160000427102,15,5,,,
TPU,CRISP chunked matrix,250,64,ok,16.468010000608047,16.22543899975426,17.041739999513084,15,5,,,
TPU,CRISP chunked matrix,500,64,ok,18.349669999224716,18.257700000503974,18.51126000019576,15,5,,,
TPU,CRISP chunked matrix,1000,64,ok,21.942708999631577,21.802938999826438,24.10983000027045,15,5,,,
TPU,CRISP chunked matrix,2000,64,ok,30.527990000337013,30.071328999838443,30.83641900047951,15,5,,,
TPU,CRISP chunked matrix,5000,64,ok,56.6130389997852,55.94621899945196,57.5529590005317,15,5,,,
TPU,CRISP chunked matrix,10000,64,ok,105.63244899822166,105.00343899911968,106.498430001011,15,5,,,
TPU,CRISP Toeplitz matrix,100,64,ok,12.166479999905278,11.960410000028787,14.546970000083093,15,5,,,
TPU,CRISP Toeplitz matrix,250,64,ok,15.664679000110482,15.541129999292025,15.814299999874493,15,5,,,
TPU,CRISP Toeplitz matrix,500,64,ok,27.864259000125458,27.687781000167888,28.324569000687916,15,5,,,
TPU,CRISP Toeplitz matrix,1000,64,ok,64.98319000002084,64.4902979993276,65.18294899979082,15,5,,,
TPU,CRISP Toeplitz matrix,2000,64,not_reported,,,,,,,,
TPU,CRISP Toeplitz matrix,5000,64,not_reported,,,,,,,,
TPU,CRISP Toeplitz matrix,10000,64,not_reported,,,,,,,,
TPU,LIF XLA scan,100,64,ok,179.9987570002486,176.73901699981798,181.5792670004157,15,5,,,
TPU,LIF XLA scan,250,64,ok,182.62626700015971,178.4948370004713,192.7065069994569,15,5,,,
TPU,LIF XLA scan,500,64,ok,189.94642799953,186.537698000393,191.69179900018207,15,5,,,
TPU,LIF XLA scan,1000,64,ok,211.4099680002255,205.33431900003052,217.49430799991387,15,5,,,
TPU,LIF XLA scan,2000,64,ok,253.82089799950336,250.27353699988453,261.98974800081487,15,5,,,
TPU,LIF XLA scan,5000,64,ok,361.77440600113187,360.2109980001842,365.15882599996985,15,5,,,
TPU,LIF XLA scan,10000,64,ok,545.1556959997106,542.3812770004588,549.7695169997314,15,5,,,
