dataset,architecture,training_rule,seed,mean_field_accuracy,single_draw_accuracy,five_draw_accuracy
shd,pspikessm,mean_field,42,0.89045936395759717,0.61484098939929333,0.62588339222614842
shd,pspikessm,published_rule,42,,0.8462897526501767,0.86307420494699649
shd,crisp,mean_field,42,0.84805653710247353,0.85026501766784457,0.84805653710247353
shd,crisp,sampled_straight_through,42,0.82199646643109536,0.81404593639575973,0.82022968197879864
shd,pspikessm,mean_field,123,0.87897526501766787,0.69434628975265023,0.72482332155477036
shd,pspikessm,published_rule,123,,0.87941696113074208,0.88825088339222613
shd,crisp,mean_field,123,0.87323321554770317,0.8696996466431095,0.87455830388692579
shd,crisp,sampled_straight_through,123,0.79991166077738518,0.79063604240282681,0.79726148409893993
shd,pspikessm,mean_field,999,0.87588339222614842,0.71510600706713778,0.73056537102473496
shd,pspikessm,published_rule,999,,0.85998233215547704,0.86660777385159016
shd,crisp,mean_field,999,0.87985865724381629,0.87323321554770317,0.88162544169611312
shd,crisp,sampled_straight_through,999,0.7782685512367491,0.77738515901060068,0.77473498233215543
ssc,pspikessm,mean_field,42,0.72931998822490429,0.32464920027475219,0.35222254930821312
ssc,pspikessm,published_rule,42,,0.72804435286036695,0.74806201550387597
ssc,crisp,mean_field,42,0.72387400647630262,0.69134530468060051,0.71263860268864687
ssc,crisp,sampled_straight_through,42,0.69630065744284175,0.69095280149151217,0.69718378961829064
ssc,pspikessm,mean_field,123,0.73128250417034635,0.3861740751643607,0.4473064468648808
ssc,pspikessm,published_rule,123,,0.72637621430674126,0.74502011578844074
ssc,crisp,mean_field,123,0.72500245314493184,0.69453439309194387,0.71823177313315667
ssc,crisp,sampled_straight_through,123,0.69934255715827687,0.69237562555195764,0.69836129918555589
ssc,pspikessm,mean_field,999,0.72721028358355411,0.42302031204003532,0.4725738396624472
ssc,pspikessm,published_rule,999,,0.72073398096359531,0.74428417230889998
ssc,crisp,mean_field,999,0.72912373663036012,0.69963693455009324,0.72191149053086057
ssc,crisp,sampled_straight_through,999,0.70061819252281421,0.69296438033559027,0.70174663919144342
