dataset,architecture,training_rule,audit_group,seed,transfer_factor,regularization_coefficient,rate_target,primary_comparison,alpha,mean_field_accuracy,single_draw_accuracy,cert_N,cert_acc,cert_abstain,cert_wrong_among_certified,seq_acc,seq_abstain,seq_mean_draws,reference_disagreements,reference_comparisons,maximum_cell_disagreement_rate,audit_cells,reference_resolved_fraction,comparison_bound
shd,crisp,mean_field,audio_time_transfer,42,10,,,false,0.01,0.8171378091872792,0.8158092700971732,256,0.8100706713780919,0.019434628975265017,0.17387387387387387,0.8087455830388692,0.022526501766784453,26.46643109540636,0,154404,0.0,70,0.976148409893993,0.011
shd,crisp,mean_field,audio_time_transfer,42,10,,,false,0.001,0.8171378091872792,0.8158092700971732,256,0.8078621908127208,0.02429328621908127,0.17202354006337708,0.8078621908127208,0.02561837455830389,29.11660777385159,0,154404,0.0,70,0.976148409893993,0.002
shd,crisp,mean_field,audio_time_transfer,42,2,,,false,0.01,0.8696996466431095,0.8662402688825088,256,0.8626325088339223,0.018551236749116608,0.12106210621062106,0.8617491166077739,0.022084805653710248,25.703180212014136,0,154788,0.0,70,0.9783568904593639,0.011
shd,crisp,mean_field,audio_time_transfer,42,2,,,false,0.001,0.8696996466431095,0.8662402688825088,256,0.8608657243816255,0.02429328621908127,0.11770031688546853,0.8604240282685512,0.02517667844522968,27.646643109540637,0,154788,0.0,70,0.9783568904593639,0.002
shd,crisp,mean_field,audio_time_transfer,42,4,,,false,0.01,0.8498233215547704,0.8465968694787986,256,0.8423144876325088,0.018109540636042403,0.14215024741340532,0.8409893992932862,0.021643109540636044,26.636042402826856,0,154352,0.0,70,0.9748233215547704,0.011
shd,crisp,mean_field,audio_time_transfer,42,4,,,false,0.001,0.8498233215547704,0.8465968694787986,256,0.8409893992932862,0.022526501766784453,0.1396294622684139,0.8396643109540636,0.026060070671378093,29.356890459363957,0,154352,0.0,70,0.9748233215547704,0.002
shd,crisp,mean_field,audio_time_transfer,123,1,,,true,0.01,0.8732332155477032,0.8648703207818021,256,0.8617491166077739,0.022084805653710248,0.11878952122854562,0.8604240282685512,0.023409893992932862,27.66077738515901,0,154336,0.0,70,0.9748233215547704,0.011
shd,crisp,mean_field,audio_time_transfer,123,1,,,true,0.001,0.8732332155477032,0.8648703207818021,256,0.859982332155477,0.02561837455830389,0.11740707162284678,0.8590989399293286,0.02959363957597173,30.70671378091873,0,154336,0.0,70,0.9748233215547704,0.002
shd,crisp,mean_field,audio_time_transfer,42,1,,,true,0.01,0.8480565371024735,0.843318656139576,256,0.8378975265017667,0.030477031802120143,0.1357630979498861,0.8361307420494699,0.037102473498233215,32.20494699646643,0,152206,0.0,70,0.963339222614841,0.011
shd,crisp,mean_field,audio_time_transfer,42,1,,,true,0.001,0.8480565371024735,0.843318656139576,256,0.8361307420494699,0.03931095406360424,0.1296551724137931,0.8348056537102474,0.04328621908127209,36.303886925795055,0,152206,0.0,70,0.963339222614841,0.002
shd,crisp,mean_field,audio_time_transfer,999,1,,,true,0.01,0.8798586572438163,0.8739906553666078,256,0.8705830388692579,0.022084805653710248,0.10975609756097561,0.8701413427561837,0.02429328621908127,27.441696113074205,0,154240,0.0,70,0.9748233215547704,0.011
shd,crisp,mean_field,audio_time_transfer,999,1,,,true,0.001,0.8798586572438163,0.8739906553666078,256,0.8692579505300353,0.026501766784452298,0.10707803992740472,0.8674911660777385,0.03136042402826855,30.233215547703182,0,154240,0.0,70,0.9748233215547704,0.002
ssc,crisp,mean_field,audio_time_transfer,42,10,,,false,0.01,0.6153468746933569,0.6075859290673143,256,0.6017073888725346,0.05230104994603081,0.36508593911782977,0.5987636149543715,0.06113237170052006,45.227357472279465,1,1327314,5.250170630545493e-05,70,0.9345010303208714,0.011
ssc,crisp,mean_field,audio_time_transfer,42,10,,,false,0.001,0.6153468746933569,0.6075859290673143,256,0.5971936021980179,0.06692179373957413,0.35997476075297086,0.5948876459621234,0.07560592679815524,51.384162496320286,1,1327314,5.250170630545493e-05,70,0.9345010303208714,0.002
ssc,crisp,mean_field,audio_time_transfer,42,2,,,false,0.01,0.7245608870572073,0.7022004710038269,256,0.7007163183200863,0.07148464331272691,0.24533685601056804,0.6979197330978314,0.08115003434402905,52.829359238543816,1,1298192,5.372877713303245e-05,70,0.9132567952114611,0.011
ssc,crisp,mean_field,audio_time_transfer,42,2,,,false,0.001,0.7245608870572073,0.7022004710038269,256,0.6960062800510254,0.08630163870081445,0.23825377221715083,0.6933078206260426,0.09635953292120499,59.91404180158964,1,1298192,5.372877713303245e-05,70,0.9132567952114611,0.002
ssc,crisp,mean_field,audio_time_transfer,42,4,,,false,0.01,0.6817289765479344,0.669319321276126,256,0.6634285153566872,0.06672554214502993,0.28913889180948377,0.6599941124521637,0.0761456186831518,50.77028750858601,0,1308026,0.0,70,0.9200274752232361,0.011
ssc,crisp,mean_field,audio_time_transfer,42,4,,,false,0.001,0.6817289765479344,0.669319321276126,256,0.6584731625944461,0.08134628593857325,0.28321939756462294,0.6557256402708272,0.0899813560985183,57.764694338141496,0,1308026,0.0,70,0.9200274752232361,0.002
ssc,crisp,mean_field,audio_time_transfer,123,1,,,true,0.01,0.7249533902462958,0.6942409739598665,256,0.6989009910705525,0.08350505347855951,0.23741970021413275,0.694730644686488,0.09591796683348053,58.1234422529683,0,1276484,0.0,70,0.8986851143165538,0.011
ssc,crisp,mean_field,audio_time_transfer,123,1,,,true,0.001,0.7249533902462958,0.6942409739598665,256,0.6926700029437739,0.10195270336571485,0.22869318181818182,0.6884015307624375,0.11274654106564616,66.54813070356197,0,1276484,0.0,70,0.8986851143165538,0.002
ssc,crisp,mean_field,audio_time_transfer,42,1,,,true,0.01,0.7239230693749387,0.6891424571926209,256,0.6953684623687567,0.08242566970856638,0.24216661319644958,0.6913943675792366,0.09581984103620841,59.132960455303696,0,1274686,0.0,70,0.8963791580806594,0.011
ssc,crisp,mean_field,audio_time_transfer,42,1,,,true,0.001,0.7239230693749387,0.6891424571926209,256,0.6886468452556177,0.10322833873025218,0.23208228471386366,0.685114316553822,0.11397311353154745,67.40143263664017,0,1274686,0.0,70,0.8963791580806594,0.002
ssc,crisp,mean_field,audio_time_transfer,999,1,,,true,0.01,0.7292218624276322,0.6995612320307134,256,0.7042979099205181,0.07629280737905995,0.2375312051840442,0.6998822490432735,0.08973604160533805,56.35325287017957,2,1285384,5.4338966472857684e-05,70,0.9029045235992542,0.011
ssc,crisp,mean_field,audio_time_transfer,999,1,,,true,0.001,0.7292218624276322,0.6995612320307134,256,0.6977234815032872,0.0966539103130213,0.22762328915924396,0.6941418899028554,0.10725149641840839,64.38465312530664,2,1285384,5.4338966472857684e-05,70,0.9029045235992542,0.002
shd,pspikessm,mean_field,architecture_training,123,1,,,false,0.01,0.8789752650176679,0.6985165221952296,256,0.7000883392226148,0.06802120141342756,0.24881516587677724,0.6969964664310954,0.07597173144876325,54.7773851590106,1,144536,0.00048146364949446316,70,0.9169611307420494,0.011
shd,pspikessm,mean_field,architecture_training,123,1,,,false,0.001,0.8789752650176679,0.6985165221952296,256,0.693904593639576,0.08348056537102473,0.24289156626506025,0.6899293286219081,0.09408127208480566,63.420494699646646,1,144536,0.00048146364949446316,70,0.9169611307420494,0.002
shd,pspikessm,mean_field,architecture_training,42,1,,,false,0.01,0.8904593639575972,0.6067765845848057,256,0.5980565371024735,0.0896643109540636,0.3430373605046094,0.5962897526501767,0.10070671378091872,60.96819787985866,0,140706,0.0,70,0.8939929328621908,0.011
shd,pspikessm,mean_field,architecture_training,42,1,,,false,0.001,0.8904593639575972,0.6067765845848057,256,0.5940812720848057,0.10556537102473498,0.3358024691358025,0.5896643109540636,0.11528268551236749,70.5583038869258,0,140706,0.0,70,0.8939929328621908,0.002
shd,pspikessm,mean_field,architecture_training,999,1,,,false,0.01,0.8758833922261484,0.7117208204505301,256,0.7084805653710248,0.07332155477031801,0.23546234509056244,0.7058303886925795,0.08083038869257951,55.053003533568905,0,143544,0.0,70,0.9054770318021201,0.011
shd,pspikessm,mean_field,architecture_training,999,1,,,false,0.001,0.8758833922261484,0.7117208204505301,256,0.7031802120141343,0.08657243816254417,0.23017408123791103,0.6987632508833922,0.09938162544169611,62.72791519434629,0,143544,0.0,70,0.9054770318021201,0.002
shd,pspikessm,published_rule,architecture_training,123,1,,,true,0.01,0.8904593639575972,0.8773999972393993,256,0.8767667844522968,0.02782685512367491,0.09813721035892777,0.8763250883392226,0.02959363957597173,31.102473498233216,0,153040,0.0,70,0.9659893992932862,0.011
shd,pspikessm,published_rule,architecture_training,123,1,,,true,0.001,0.8904593639575972,0.8773999972393993,256,0.8745583038869258,0.03356890459363958,0.09506398537477148,0.8723498233215548,0.037102473498233215,34.74911660777385,0,153040,0.0,70,0.9659893992932862,0.002
shd,pspikessm,published_rule,architecture_training,42,1,,,true,0.01,0.8639575971731449,0.8524251877208481,256,0.8515901060070671,0.03445229681978799,0.11802378774016468,0.8502650176678446,0.038869257950530034,32.56537102473498,0,151848,0.0,70,0.958922261484099,0.011
shd,pspikessm,published_rule,architecture_training,42,1,,,true,0.001,0.8639575971731449,0.8524251877208481,256,0.8498233215547704,0.04019434628975265,0.1145881270133456,0.8484982332155477,0.04372791519434629,36.3886925795053,0,151848,0.0,70,0.958922261484099,0.002
shd,pspikessm,published_rule,architecture_training,999,1,,,true,0.01,0.8807420494699647,0.861447175905477,256,0.8586572438162544,0.03666077738515901,0.10866574965612105,0.8564487632508834,0.0446113074204947,35.64664310954063,0,150978,0.0,70,0.9549469964664311,0.011
shd,pspikessm,published_rule,architecture_training,999,1,,,true,0.001,0.8807420494699647,0.861447175905477,256,0.8564487632508834,0.04637809187279152,0.10189902732746642,0.8542402826855123,0.052120141342756186,40.10600706713781,0,150978,0.0,70,0.9549469964664311,0.002
ssc,pspikessm,mean_field,architecture_training,123,1,,,false,0.01,0.7313315670689824,0.3834911395471495,256,0.41458149347463447,0.2902070454322441,0.41591207575862305,0.40349327838288684,0.32921204984790503,141.66225100578941,0,923706,0.0,70,0.6482680796781474,0.011
ssc,pspikessm,mean_field,architecture_training,123,1,,,false,0.001,0.7313315670689824,0.3834911395471495,256,0.397900107938377,0.35035815916004315,0.38750849633713463,0.3882347169070749,0.3832303012461976,156.19821411048966,0,923706,0.0,70,0.6482680796781474,0.002
ssc,pspikessm,mean_field,architecture_training,42,1,,,false,0.01,0.7294181140221764,0.32483855239917575,256,0.3195466588166029,0.21533706211362968,0.5927593322078409,0.31100971445392994,0.24919046217250515,119.16161318810715,0,1044204,0.0,70,0.735698165047591,0.011
ssc,pspikessm,mean_field,architecture_training,42,1,,,false,0.001,0.7294181140221764,0.32483855239917575,256,0.3070356196644098,0.26449808654695317,0.5825495297178307,0.3007065057403591,0.2920714355804141,134.1819252281425,0,1044204,0.0,70,0.735698165047591,0.002
ssc,pspikessm,mean_field,architecture_training,999,1,,,false,0.01,0.7270140319890099,0.41965471218477085,256,0.4386223138062997,0.22372681778039447,0.434963974213121,0.4285153566872731,0.2585124129133549,121.91149053086056,0,1027312,0.0,70,0.7209302325581395,0.011
ssc,pspikessm,mean_field,architecture_training,999,1,,,false,0.001,0.7270140319890099,0.41965471218477085,256,0.424639387695025,0.273869100186439,0.4152027027027027,0.4168874497105289,0.30291433617898145,136.79992149936217,0,1027312,0.0,70,0.7209302325581395,0.002
ssc,pspikessm,published_rule,architecture_training,123,1,,,true,0.01,0.7443822981061721,0.7271215487317241,256,0.728976547934452,0.0708958885290943,0.21539842636109205,0.7253949563340202,0.08134628593857325,53.01226572465901,3,1297610,0.00010751532093323298,70,0.9126680404278285,0.011
ssc,pspikessm,published_rule,architecture_training,123,1,,,true,0.001,0.7443822981061721,0.7271215487317241,256,0.7228436856049455,0.08772446276125993,0.20764762826718297,0.718428024727701,0.0983711117652831,60.11971347267197,3,1297610,0.00010751532093323298,70,0.9126680404278285,0.002
ssc,pspikessm,published_rule,architecture_training,42,1,,,true,0.01,0.7465901285447945,0.7267236792880973,256,0.7283387302521833,0.07006181925228143,0.2167880130843094,0.7251005789422039,0.081100971445393,53.01540575017172,0,1298010,0.0,70,0.9127171033264645,0.011
ssc,pspikessm,published_rule,architecture_training,42,1,,,true,0.001,0.7465901285447945,0.7267236792880973,256,0.7227946227063095,0.08738102247080758,0.20799956991559593,0.7198508487881464,0.09640859581984104,60.233539397507606,0,1298010,0.0,70,0.9127171033264645,0.002
ssc,pspikessm,published_rule,architecture_training,999,1,,,true,0.01,0.7428613482484545,0.7227124040207046,256,0.7271612206849181,0.07128839171818271,0.21702150139996831,0.7235796290844864,0.08159160043175351,52.46904131096065,1,1299678,5.367686527106817e-05,70,0.9140418015896379,0.011
ssc,pspikessm,published_rule,architecture_training,999,1,,,true,0.001,0.7428613482484545,0.7227124040207046,256,0.7208811696595034,0.08792071435580415,0.20962883270575577,0.7173977038563438,0.09709547640074576,59.766460602492394,1,1299678,5.367686527106817e-05,70,0.9140418015896379,0.002
dvs128_gesture,crisp,mean_field,sparsity,123,1,0.02,0.1,false,0.01,0.9027777777777778,0.9001600477430556,256,0.8958333333333334,0.010416666666666666,0.09473684210526316,0.8958333333333334,0.013888888888888888,22.77777777777778,0,19896,0.0,70,0.9895833333333334,0.011
dvs128_gesture,crisp,mean_field,sparsity,123,1,0.02,0.1,false,0.001,0.9027777777777778,0.9001600477430556,256,0.8958333333333334,0.017361111111111112,0.08833922261484099,0.8958333333333334,0.017361111111111112,24.944444444444443,0,19896,0.0,70,0.9895833333333334,0.002
dvs128_gesture,crisp,mean_field,sparsity,42,1,0.02,0.1,false,0.01,0.9097222222222222,0.9017876519097222,256,0.8993055555555556,0.020833333333333332,0.08156028368794327,0.8993055555555556,0.017361111111111112,24.27777777777778,0,19794,0.0,70,0.9826388888888888,0.011
dvs128_gesture,crisp,mean_field,sparsity,42,1,0.02,0.1,false,0.001,0.9097222222222222,0.9017876519097222,256,0.8993055555555556,0.020833333333333332,0.08156028368794327,0.8993055555555556,0.020833333333333332,26.333333333333332,0,19794,0.0,70,0.9826388888888888,0.002
dvs128_gesture,crisp,mean_field,sparsity,999,1,0.02,0.1,false,0.01,0.9201388888888888,0.9110921223958334,256,0.9131944444444444,0.010416666666666666,0.07719298245614035,0.9131944444444444,0.013888888888888888,21.944444444444443,0,19838,0.0,70,0.9861111111111112,0.011
dvs128_gesture,crisp,mean_field,sparsity,999,1,0.02,0.1,false,0.001,0.9201388888888888,0.9110921223958334,256,0.9131944444444444,0.013888888888888888,0.07394366197183098,0.9131944444444444,0.013888888888888888,23.11111111111111,0,19838,0.0,70,0.9861111111111112,0.002
dvs128_gesture,crisp,mean_field,sparsity,123,1,100,0,false,0.01,0.8888888888888888,0.8800862630208334,256,0.8888888888888888,0.010416666666666666,0.10175438596491228,0.8854166666666666,0.020833333333333332,26.333333333333332,0,19714,0.0,70,0.9826388888888888,0.011
dvs128_gesture,crisp,mean_field,sparsity,123,1,100,0,false,0.001,0.8888888888888888,0.8800862630208334,256,0.8819444444444444,0.024305555555555556,0.09608540925266904,0.8784722222222222,0.027777777777777776,29.944444444444443,0,19714,0.0,70,0.9826388888888888,0.002
dvs128_gesture,crisp,mean_field,sparsity,42,1,100,0,false,0.01,0.8368055555555556,0.8298475477430556,256,0.8229166666666666,0.03819444444444445,0.1444043321299639,0.8194444444444444,0.041666666666666664,33.22222222222222,0,19112,0.0,70,0.9513888888888888,0.011
dvs128_gesture,crisp,mean_field,sparsity,42,1,100,0,false,0.001,0.8368055555555556,0.8298475477430556,256,0.8194444444444444,0.04513888888888889,0.14181818181818182,0.8194444444444444,0.04513888888888889,38.5,0,19112,0.0,70,0.9513888888888888,0.002
dvs128_gesture,crisp,mean_field,sparsity,999,1,100,0,false,0.01,0.7986111111111112,0.7894558376736112,256,0.7916666666666666,0.024305555555555556,0.18861209964412812,0.7916666666666666,0.024305555555555556,29.72222222222222,0,19540,0.0,70,0.96875,0.011
dvs128_gesture,crisp,mean_field,sparsity,999,1,100,0,false,0.001,0.7986111111111112,0.7894558376736112,256,0.7916666666666666,0.024305555555555556,0.18861209964412812,0.7881944444444444,0.03125,34.05555555555556,0,19540,0.0,70,0.96875,0.002
dvs128_gesture,crisp,mean_field,sparsity,123,1,10,0,false,0.01,0.9166666666666666,0.9113226996527778,256,0.9166666666666666,0.010416666666666666,0.07368421052631578,0.9166666666666666,0.010416666666666666,25.61111111111111,0,19790,0.0,70,0.9826388888888888,0.011
dvs128_gesture,crisp,mean_field,sparsity,123,1,10,0,false,0.001,0.9166666666666666,0.9113226996527778,256,0.9131944444444444,0.013888888888888888,0.07394366197183098,0.9131944444444444,0.020833333333333332,29.166666666666668,0,19790,0.0,70,0.9826388888888888,0.002
dvs128_gesture,crisp,mean_field,sparsity,42,1,10,0,false,0.01,0.8020833333333334,0.80126953125,256,0.8020833333333334,0.010416666666666666,0.18947368421052632,0.7986111111111112,0.017361111111111112,25.27777777777778,0,19814,0.0,70,0.9861111111111112,0.011
dvs128_gesture,crisp,mean_field,sparsity,42,1,10,0,false,0.001,0.8020833333333334,0.80126953125,256,0.7986111111111112,0.017361111111111112,0.1872791519434629,0.7986111111111112,0.020833333333333332,27.833333333333332,0,19814,0.0,70,0.9861111111111112,0.002
dvs128_gesture,crisp,mean_field,sparsity,999,1,10,0,false,0.01,0.9097222222222222,0.8978135850694444,256,0.9097222222222222,0.017361111111111112,0.07420494699646643,0.9027777777777778,0.024305555555555556,29.055555555555557,0,19534,0.0,70,0.9756944444444444,0.011
dvs128_gesture,crisp,mean_field,sparsity,999,1,10,0,false,0.001,0.9097222222222222,0.8978135850694444,256,0.9027777777777778,0.024305555555555556,0.07473309608540925,0.8958333333333334,0.03125,31.666666666666668,0,19534,0.0,70,0.9756944444444444,0.002
dvs128_gesture,crisp,mean_field,sparsity,123,1,1,0,false,0.01,0.9236111111111112,0.9208441840277778,256,0.9236111111111112,0.0,0.0763888888888889,0.9236111111111112,0.0,19.5,0,20090,0.0,70,0.9965277777777778,0.011
dvs128_gesture,crisp,mean_field,sparsity,123,1,1,0,false,0.001,0.9236111111111112,0.9208441840277778,256,0.9236111111111112,0.0,0.0763888888888889,0.9236111111111112,0.0,21.11111111111111,0,20090,0.0,70,0.9965277777777778,0.002
dvs128_gesture,crisp,mean_field,sparsity,42,1,1,0,false,0.01,0.90625,0.9073215060763888,256,0.90625,0.003472222222222222,0.09059233449477352,0.9027777777777778,0.010416666666666666,21.27777777777778,0,19956,0.0,70,0.9895833333333334,0.011
dvs128_gesture,crisp,mean_field,sparsity,42,1,1,0,false,0.001,0.90625,0.9073215060763888,256,0.9027777777777778,0.010416666666666666,0.08771929824561403,0.9027777777777778,0.010416666666666666,22.333333333333332,0,19956,0.0,70,0.9895833333333334,0.002
dvs128_gesture,crisp,mean_field,sparsity,999,1,1,0,false,0.01,0.9270833333333334,0.9202067057291666,256,0.9166666666666666,0.013888888888888888,0.07042253521126761,0.9166666666666666,0.013888888888888888,24.72222222222222,0,19902,0.0,70,0.9895833333333334,0.011
dvs128_gesture,crisp,mean_field,sparsity,999,1,1,0,false,0.001,0.9270833333333334,0.9202067057291666,256,0.9166666666666666,0.013888888888888888,0.07042253521126761,0.9166666666666666,0.017361111111111112,26.833333333333332,0,19902,0.0,70,0.9895833333333334,0.002
shd,crisp,mean_field,sparsity,123,1,0.02,0.1,false,0.01,0.8732332155477032,0.8654293424249117,256,0.8643992932862191,0.018992932862190812,0.11886537595677622,0.8626325088339223,0.023851590106007067,28.289752650176677,0,154758,0.0,70,0.9783568904593639,0.011
shd,crisp,mean_field,sparsity,123,1,0.02,0.1,false,0.001,0.8732332155477032,0.8654293424249117,256,0.8617491166077739,0.02561837455830389,0.11559383499546691,0.8595406360424028,0.029151943462897525,30.65017667844523,0,154758,0.0,70,0.9783568904593639,0.002
shd,crisp,mean_field,sparsity,42,1,0.02,0.1,false,0.01,0.8480565371024735,0.8439777495583038,256,0.8374558303886925,0.03180212014134275,0.13503649635036497,0.8361307420494699,0.03666077738515901,32.28975265017668,0,152172,0.0,70,0.9624558303886925,0.011
shd,crisp,mean_field,sparsity,42,1,0.02,0.1,false,0.001,0.8480565371024735,0.8439777495583038,256,0.8352473498233216,0.038869257950530034,0.13097426470588236,0.8348056537102474,0.04240282685512368,35.540636042402824,0,152172,0.0,70,0.9624558303886925,0.002
shd,crisp,mean_field,sparsity,999,1,0.02,0.1,false,0.01,0.8798586572438163,0.8738163924469965,256,0.8719081272084805,0.020318021201413426,0.11000901713255185,0.8710247349823321,0.024734982332155476,27.81625441696113,0,154040,0.0,70,0.9730565371024735,0.011
shd,crisp,mean_field,sparsity,999,1,0.02,0.1,false,0.001,0.8798586572438163,0.8738163924469965,256,0.8705830388692579,0.026501766784452298,0.10571687840290381,0.8692579505300353,0.02871024734982332,30.487632508833922,0,154040,0.0,70,0.9730565371024735,0.002
shd,crisp,mean_field,sparsity,123,1,100,0,false,0.01,0.8816254416961131,0.8675187720848057,256,0.8732332155477032,0.02871024734982332,0.1009549795361528,0.8719081272084805,0.03356890459363958,32.275618374558306,0,152762,0.0,70,0.9651060070671378,0.011
shd,crisp,mean_field,sparsity,123,1,100,0,false,0.001,0.8816254416961131,0.8675187720848057,256,0.8714664310954063,0.03489399293286219,0.09702517162471395,0.8688162544169611,0.03931095406360424,36.381625441696116,0,152762,0.0,70,0.9651060070671378,0.002
shd,crisp,mean_field,sparsity,42,1,100,0,false,0.01,0.8719081272084805,0.856859402606007,256,0.8590989399293286,0.03931095406360424,0.10574712643678161,0.8560070671378092,0.045936395759717315,36.31802120141343,0,150562,0.0,70,0.9531802120141343,0.011
shd,crisp,mean_field,sparsity,42,1,100,0,false,0.001,0.8719081272084805,0.856859402606007,256,0.8551236749116607,0.04858657243816254,0.10120705663881151,0.8520318021201413,0.054328621908127206,40.47349823321555,0,150562,0.0,70,0.9531802120141343,0.002
shd,crisp,mean_field,sparsity,999,1,100,0,false,0.01,0.8215547703180212,0.8061799497570671,256,0.8065371024734982,0.03931095406360424,0.16045977011494253,0.801678445229682,0.04770318021201413,37.745583038869256,0,149816,0.0,70,0.9478798586572438,0.011
shd,crisp,mean_field,sparsity,999,1,100,0,false,0.001,0.8215547703180212,0.8061799497570671,256,0.7990282685512368,0.05167844522968198,0.1574289706567303,0.7977031802120141,0.055212014134275615,42.18374558303887,0,149816,0.0,70,0.9478798586572438,0.002
shd,crisp,mean_field,sparsity,123,1,10,0,false,0.01,0.842756183745583,0.8357770400839223,256,0.8334805653710248,0.028268551236749116,0.14227272727272727,0.8299469964664311,0.03666077738515901,32.551236749116605,0,152036,0.0,70,0.9611307420494699,0.011
shd,crisp,mean_field,sparsity,123,1,10,0,false,0.001,0.842756183745583,0.8357770400839223,256,0.8290636042402827,0.03931095406360424,0.13701149425287357,0.8277385159010601,0.044169611307420496,36.763250883392224,0,152036,0.0,70,0.9611307420494699,0.002
shd,crisp,mean_field,sparsity,42,1,10,0,false,0.01,0.8215547703180212,0.8149362301236749,256,0.8118374558303887,0.03445229681978799,0.15919487648673375,0.8109540636042403,0.037985865724381625,34.197879858657245,0,151888,0.0,70,0.9598056537102474,0.011
shd,crisp,mean_field,sparsity,42,1,10,0,false,0.001,0.8215547703180212,0.8149362301236749,256,0.8105123674911661,0.03931095406360424,0.15632183908045977,0.8074204946996466,0.04549469964664311,38.72791519434629,0,151888,0.0,70,0.9598056537102474,0.002
shd,crisp,mean_field,sparsity,999,1,10,0,false,0.01,0.8891342756183745,0.8770428445229682,256,0.8785335689045937,0.03136042402826855,0.09302325581395349,0.8776501766784452,0.03666077738515901,32.360424028268554,0,151950,0.0,70,0.9598056537102474,0.011
shd,crisp,mean_field,sparsity,999,1,10,0,false,0.001,0.8891342756183745,0.8770428445229682,256,0.875,0.04063604240282685,0.08793738489871086,0.8745583038869258,0.04240282685512368,36.15547703180212,0,151950,0.0,70,0.9598056537102474,0.002
shd,crisp,mean_field,sparsity,123,1,1,0,false,0.01,0.883833922261484,0.8750017253754417,256,0.8741166077738516,0.023409893992932862,0.10492989597467209,0.8719081272084805,0.026943462897526502,29.929328621908127,0,153590,0.0,70,0.9695229681978799,0.011
shd,crisp,mean_field,sparsity,123,1,1,0,false,0.001,0.883833922261484,0.8750017253754417,256,0.8714664310954063,0.02959363957597173,0.10195721438324988,0.8688162544169611,0.03666077738515901,33.208480565371026,0,153590,0.0,70,0.9695229681978799,0.002
shd,crisp,mean_field,sparsity,42,1,1,0,false,0.01,0.866166077738516,0.8570440177782686,256,0.8537985865724381,0.028268551236749116,0.12136363636363637,0.8524734982332155,0.030918727915194347,30.80565371024735,0,152732,0.0,70,0.9646643109540636,0.011
shd,crisp,mean_field,sparsity,42,1,1,0,false,0.001,0.866166077738516,0.8570440177782686,256,0.8515901060070671,0.03356890459363958,0.11882998171846434,0.8498233215547704,0.038869257950530034,34.31802120141343,0,152732,0.0,70,0.9646643109540636,0.002
shd,crisp,mean_field,sparsity,999,1,1,0,false,0.01,0.8798586572438163,0.8691026667402827,256,0.8683745583038869,0.023851590106007067,0.11040723981900452,0.8670494699646644,0.026943462897526502,30.551236749116608,0,153160,0.0,70,0.9699646643109541,0.011
shd,crisp,mean_field,sparsity,999,1,1,0,false,0.001,0.8798586572438163,0.8691026667402827,256,0.8657243816254417,0.03136042402826855,0.10624715002279982,0.8639575971731449,0.0357773851590106,33.533568904593636,0,153160,0.0,70,0.9699646643109541,0.002
dvs128_gesture,crisp,mean_field,sparsity_additional_audit,123,1,100,0,false,0.01,0.8923611111111112,0.8865559895833334,256,0.8888888888888888,0.010416666666666666,0.10175438596491228,0.8888888888888888,0.010416666666666666,23.444444444444443,0,20000,0.0,70,0.9930555555555556,0.011
dvs128_gesture,crisp,mean_field,sparsity_additional_audit,123,1,100,0,false,0.001,0.8923611111111112,0.8865559895833334,256,0.8888888888888888,0.010416666666666666,0.10175438596491228,0.8888888888888888,0.010416666666666666,25.555555555555557,0,20000,0.0,70,0.9930555555555556,0.002
dvs128_gesture,crisp,mean_field,sparsity_additional_audit,42,1,100,0,false,0.01,0.84375,0.8217095269097222,256,0.8194444444444444,0.034722222222222224,0.1510791366906475,0.8159722222222222,0.041666666666666664,36.22222222222222,0,19316,0.0,70,0.9583333333333334,0.011
dvs128_gesture,crisp,mean_field,sparsity_additional_audit,42,1,100,0,false,0.001,0.84375,0.8217095269097222,256,0.8159722222222222,0.041666666666666664,0.14855072463768115,0.8159722222222222,0.052083333333333336,41.333333333333336,0,19316,0.0,70,0.9583333333333334,0.002
dvs128_gesture,crisp,mean_field,sparsity_additional_audit,999,1,100,0,false,0.01,0.8888888888888888,0.8724772135416666,256,0.8715277777777778,0.041666666666666664,0.09057971014492754,0.8680555555555556,0.04513888888888889,32.72222222222222,0,19348,0.0,70,0.9618055555555556,0.011
dvs128_gesture,crisp,mean_field,sparsity_additional_audit,999,1,100,0,false,0.001,0.8888888888888888,0.8724772135416666,256,0.8645833333333334,0.04861111111111111,0.09124087591240876,0.8645833333333334,0.04861111111111111,35.94444444444444,0,19348,0.0,70,0.9618055555555556,0.002
dvs128_gesture,crisp,mean_field,sparsity_additional_audit,123,1,10,0,false,0.01,0.9236111111111112,0.9087185329861112,256,0.9166666666666666,0.017361111111111112,0.06713780918727916,0.9166666666666666,0.017361111111111112,26.5,0,19584,0.0,70,0.9722222222222222,0.011
dvs128_gesture,crisp,mean_field,sparsity_additional_audit,123,1,10,0,false,0.001,0.9236111111111112,0.9087185329861112,256,0.9166666666666666,0.017361111111111112,0.06713780918727916,0.9097222222222222,0.027777777777777776,29.72222222222222,0,19584,0.0,70,0.9722222222222222,0.002
dvs128_gesture,crisp,mean_field,sparsity_additional_audit,42,1,10,0,false,0.01,0.90625,0.9028049045138888,256,0.9027777777777778,0.020833333333333332,0.07801418439716312,0.9027777777777778,0.027777777777777776,26.944444444444443,0,19760,0.0,70,0.9861111111111112,0.011
dvs128_gesture,crisp,mean_field,sparsity_additional_audit,42,1,10,0,false,0.001,0.90625,0.9028049045138888,256,0.9027777777777778,0.027777777777777776,0.07142857142857142,0.8993055555555556,0.03125,29.555555555555557,0,19760,0.0,70,0.9861111111111112,0.002
dvs128_gesture,crisp,mean_field,sparsity_additional_audit,999,1,10,0,false,0.01,0.90625,0.8989393446180556,256,0.9027777777777778,0.017361111111111112,0.0812720848056537,0.9027777777777778,0.020833333333333332,28.38888888888889,0,19716,0.0,70,0.9791666666666666,0.011
dvs128_gesture,crisp,mean_field,sparsity_additional_audit,999,1,10,0,false,0.001,0.90625,0.8989393446180556,256,0.9027777777777778,0.020833333333333332,0.07801418439716312,0.9027777777777778,0.024305555555555556,31.11111111111111,0,19716,0.0,70,0.9791666666666666,0.002
shd,crisp,mean_field,sparsity_additional_audit,123,1,100,0,false,0.01,0.8816254416961131,0.8675187720848057,256,0.8732332155477032,0.02871024734982332,0.1009549795361528,0.8719081272084805,0.03356890459363958,32.275618374558306,0,152762,0.0,70,0.9651060070671378,0.011
shd,crisp,mean_field,sparsity_additional_audit,123,1,100,0,false,0.001,0.8816254416961131,0.8675187720848057,256,0.8714664310954063,0.03489399293286219,0.09702517162471395,0.8688162544169611,0.03931095406360424,36.381625441696116,0,152762,0.0,70,0.9651060070671378,0.002
shd,crisp,mean_field,sparsity_additional_audit,42,1,100,0,false,0.01,0.8719081272084805,0.856859402606007,256,0.8590989399293286,0.03931095406360424,0.10574712643678161,0.8560070671378092,0.045936395759717315,36.31802120141343,0,150562,0.0,70,0.9531802120141343,0.011
shd,crisp,mean_field,sparsity_additional_audit,42,1,100,0,false,0.001,0.8719081272084805,0.856859402606007,256,0.8551236749116607,0.04858657243816254,0.10120705663881151,0.8520318021201413,0.054328621908127206,40.47349823321555,0,150562,0.0,70,0.9531802120141343,0.002
shd,crisp,mean_field,sparsity_additional_audit,999,1,100,0,false,0.01,0.8215547703180212,0.8061799497570671,256,0.8065371024734982,0.03931095406360424,0.16045977011494253,0.801678445229682,0.04770318021201413,37.745583038869256,0,149816,0.0,70,0.9478798586572438,0.011
shd,crisp,mean_field,sparsity_additional_audit,999,1,100,0,false,0.001,0.8215547703180212,0.8061799497570671,256,0.7990282685512368,0.05167844522968198,0.1574289706567303,0.7977031802120141,0.055212014134275615,42.18374558303887,0,149816,0.0,70,0.9478798586572438,0.002
shd,crisp,mean_field,sparsity_additional_audit,123,1,10,0,false,0.01,0.842756183745583,0.8357770400839223,256,0.8334805653710248,0.028268551236749116,0.14227272727272727,0.8299469964664311,0.03666077738515901,32.551236749116605,0,152036,0.0,70,0.9611307420494699,0.011
shd,crisp,mean_field,sparsity_additional_audit,123,1,10,0,false,0.001,0.842756183745583,0.8357770400839223,256,0.8290636042402827,0.03931095406360424,0.13701149425287357,0.8277385159010601,0.044169611307420496,36.763250883392224,0,152036,0.0,70,0.9611307420494699,0.002
shd,crisp,mean_field,sparsity_additional_audit,42,1,10,0,false,0.01,0.8215547703180212,0.8149362301236749,256,0.8118374558303887,0.03445229681978799,0.15919487648673375,0.8109540636042403,0.037985865724381625,34.197879858657245,0,151888,0.0,70,0.9598056537102474,0.011
shd,crisp,mean_field,sparsity_additional_audit,42,1,10,0,false,0.001,0.8215547703180212,0.8149362301236749,256,0.8105123674911661,0.03931095406360424,0.15632183908045977,0.8074204946996466,0.04549469964664311,38.72791519434629,0,151888,0.0,70,0.9598056537102474,0.002
shd,crisp,mean_field,sparsity_additional_audit,999,1,10,0,false,0.01,0.8891342756183745,0.8770428445229682,256,0.8785335689045937,0.03136042402826855,0.09302325581395349,0.8776501766784452,0.03666077738515901,32.360424028268554,0,151950,0.0,70,0.9598056537102474,0.011
shd,crisp,mean_field,sparsity_additional_audit,999,1,10,0,false,0.001,0.8891342756183745,0.8770428445229682,256,0.875,0.04063604240282685,0.08793738489871086,0.8745583038869258,0.04240282685512368,36.15547703180212,0,151950,0.0,70,0.9598056537102474,0.002
dvs128_gesture,crisp,mean_field,gesture_event_count_transfer,123,2,,,false,0.01,0.84375,0.8411051432291666,256,0.8402777777777778,0.010416666666666666,0.15087719298245614,0.8402777777777778,0.013888888888888888,22.555555555555557,0,19880,0.0,70,0.9861111111111112,0.011
dvs128_gesture,crisp,mean_field,gesture_event_count_transfer,123,2,,,false,0.001,0.84375,0.8411051432291666,256,0.8402777777777778,0.013888888888888888,0.14788732394366197,0.8402777777777778,0.013888888888888888,24.61111111111111,0,19880,0.0,70,0.9861111111111112,0.002
dvs128_gesture,crisp,mean_field,gesture_event_count_transfer,42,2,,,false,0.01,0.8993055555555556,0.9017062717013888,256,0.8993055555555556,0.013888888888888888,0.0880281690140845,0.8993055555555556,0.013888888888888888,21.77777777777778,0,19876,0.0,70,0.9895833333333334,0.011
dvs128_gesture,crisp,mean_field,gesture_event_count_transfer,42,2,,,false,0.001,0.8993055555555556,0.9017062717013888,256,0.8993055555555556,0.013888888888888888,0.0880281690140845,0.8993055555555556,0.017361111111111112,22.944444444444443,0,19876,0.0,70,0.9895833333333334,0.002
dvs128_gesture,crisp,mean_field,gesture_event_count_transfer,999,2,,,false,0.01,0.90625,0.9058973524305556,256,0.90625,0.010416666666666666,0.08421052631578947,0.90625,0.010416666666666666,21.72222222222222,0,19912,0.0,70,0.9861111111111112,0.011
dvs128_gesture,crisp,mean_field,gesture_event_count_transfer,999,2,,,false,0.001,0.90625,0.9058973524305556,256,0.9027777777777778,0.013888888888888888,0.08450704225352113,0.9027777777777778,0.013888888888888888,22.11111111111111,0,19912,0.0,70,0.9861111111111112,0.002
dvs128_gesture,crisp,mean_field,gesture_event_count_transfer,123,4,,,false,0.01,0.8993055555555556,0.9022759331597222,256,0.8993055555555556,0.003472222222222222,0.0975609756097561,0.8993055555555556,0.003472222222222222,19.5,0,20080,0.0,70,0.9965277777777778,0.011
dvs128_gesture,crisp,mean_field,gesture_event_count_transfer,123,4,,,false,0.001,0.8993055555555556,0.9022759331597222,256,0.8993055555555556,0.003472222222222222,0.0975609756097561,0.8993055555555556,0.003472222222222222,20.22222222222222,0,20080,0.0,70,0.9965277777777778,0.002
dvs128_gesture,crisp,mean_field,gesture_event_count_transfer,42,4,,,false,0.01,0.8993055555555556,0.8904486762152778,256,0.8888888888888888,0.017361111111111112,0.09540636042402827,0.8854166666666666,0.020833333333333332,25.055555555555557,0,19844,0.0,70,0.9861111111111112,0.011
dvs128_gesture,crisp,mean_field,gesture_event_count_transfer,42,4,,,false,0.001,0.8993055555555556,0.8904486762152778,256,0.8854166666666666,0.024305555555555556,0.09252669039145907,0.8854166666666666,0.024305555555555556,26.5,0,19844,0.0,70,0.9861111111111112,0.002
dvs128_gesture,crisp,mean_field,gesture_event_count_transfer,999,4,,,false,0.01,0.8854166666666666,0.8914659288194444,256,0.8854166666666666,0.010416666666666666,0.10526315789473684,0.8854166666666666,0.010416666666666666,21.22222222222222,0,19890,0.0,70,0.9861111111111112,0.011
dvs128_gesture,crisp,mean_field,gesture_event_count_transfer,999,4,,,false,0.001,0.8854166666666666,0.8914659288194444,256,0.8854166666666666,0.013888888888888888,0.10211267605633803,0.8854166666666666,0.013888888888888888,23.555555555555557,0,19890,0.0,70,0.9861111111111112,0.002
dvs128_gesture,crisp,mean_field,gesture_event_count_transfer,123,1,,,false,0.01,0.9027777777777778,0.8993598090277778,256,0.8958333333333334,0.017361111111111112,0.08833922261484099,0.8958333333333334,0.017361111111111112,23.944444444444443,0,19788,0.0,70,0.9826388888888888,0.011
dvs128_gesture,crisp,mean_field,gesture_event_count_transfer,123,1,,,false,0.001,0.9027777777777778,0.8993598090277778,256,0.8958333333333334,0.020833333333333332,0.0851063829787234,0.8958333333333334,0.020833333333333332,24.944444444444443,0,19788,0.0,70,0.9826388888888888,0.002
dvs128_gesture,crisp,mean_field,gesture_event_count_transfer,42,1,,,false,0.01,0.9097222222222222,0.9014485677083334,256,0.8993055555555556,0.013888888888888888,0.0880281690140845,0.8993055555555556,0.020833333333333332,23.833333333333332,0,19830,0.0,70,0.9826388888888888,0.011
dvs128_gesture,crisp,mean_field,gesture_event_count_transfer,42,1,,,false,0.001,0.9097222222222222,0.9014485677083334,256,0.8993055555555556,0.020833333333333332,0.08156028368794327,0.8993055555555556,0.020833333333333332,24.61111111111111,0,19830,0.0,70,0.9826388888888888,0.002
dvs128_gesture,crisp,mean_field,gesture_event_count_transfer,999,1,,,false,0.01,0.9201388888888888,0.9109700520833334,256,0.9131944444444444,0.010416666666666666,0.07719298245614035,0.9097222222222222,0.017361111111111112,24.0,0,19870,0.0,70,0.9861111111111112,0.011
dvs128_gesture,crisp,mean_field,gesture_event_count_transfer,999,1,,,false,0.001,0.9201388888888888,0.9109700520833334,256,0.9097222222222222,0.017361111111111112,0.07420494699646643,0.9097222222222222,0.017361111111111112,24.72222222222222,0,19870,0.0,70,0.9861111111111112,0.002
dvs128_gesture,crisp,mean_field,gesture_fixed_time_transfer,123,2,,,false,0.01,0.9305555555555556,0.9261881510416666,256,0.9305555555555556,0.003472222222222222,0.06620209059233449,0.9305555555555556,0.003472222222222222,18.77777777777778,0,20054,0.0,70,0.9965277777777778,0.011
dvs128_gesture,crisp,mean_field,gesture_fixed_time_transfer,123,2,,,false,0.001,0.9305555555555556,0.9261881510416666,256,0.9305555555555556,0.003472222222222222,0.06620209059233449,0.9305555555555556,0.003472222222222222,20.166666666666668,0,20054,0.0,70,0.9965277777777778,0.002
dvs128_gesture,crisp,mean_field,gesture_fixed_time_transfer,42,2,,,false,0.01,0.9201388888888888,0.9213053385416666,256,0.9201388888888888,0.0,0.0798611111111111,0.9201388888888888,0.003472222222222222,22.333333333333332,0,20072,0.0,70,0.9965277777777778,0.011
dvs128_gesture,crisp,mean_field,gesture_fixed_time_transfer,42,2,,,false,0.001,0.9201388888888888,0.9213053385416666,256,0.9201388888888888,0.003472222222222222,0.07665505226480836,0.9201388888888888,0.010416666666666666,22.666666666666668,0,20072,0.0,70,0.9965277777777778,0.002
dvs128_gesture,crisp,mean_field,gesture_fixed_time_transfer,999,2,,,false,0.01,0.9166666666666666,0.912109375,256,0.9131944444444444,0.003472222222222222,0.08362369337979095,0.9131944444444444,0.003472222222222222,20.055555555555557,0,20026,0.0,70,0.9930555555555556,0.011
dvs128_gesture,crisp,mean_field,gesture_fixed_time_transfer,999,2,,,false,0.001,0.9166666666666666,0.912109375,256,0.9131944444444444,0.003472222222222222,0.08362369337979095,0.9097222222222222,0.010416666666666666,22.38888888888889,0,20026,0.0,70,0.9930555555555556,0.002
dvs128_gesture,crisp,mean_field,gesture_fixed_time_transfer,123,4,,,false,0.01,0.8993055555555556,0.8963216145833334,256,0.8958333333333334,0.006944444444444444,0.0979020979020979,0.8958333333333334,0.010416666666666666,22.166666666666668,0,19986,0.0,70,0.9930555555555556,0.011
dvs128_gesture,crisp,mean_field,gesture_fixed_time_transfer,123,4,,,false,0.001,0.8993055555555556,0.8963216145833334,256,0.8958333333333334,0.010416666666666666,0.09473684210526316,0.8958333333333334,0.010416666666666666,23.27777777777778,0,19986,0.0,70,0.9930555555555556,0.002
dvs128_gesture,crisp,mean_field,gesture_fixed_time_transfer,42,4,,,false,0.01,0.9131944444444444,0.9113362630208334,256,0.90625,0.010416666666666666,0.08421052631578947,0.90625,0.010416666666666666,20.944444444444443,0,19966,0.0,70,0.9895833333333334,0.011
dvs128_gesture,crisp,mean_field,gesture_fixed_time_transfer,42,4,,,false,0.001,0.9131944444444444,0.9113362630208334,256,0.90625,0.010416666666666666,0.08421052631578947,0.90625,0.013888888888888888,21.88888888888889,0,19966,0.0,70,0.9895833333333334,0.002
dvs128_gesture,crisp,mean_field,gesture_fixed_time_transfer,999,4,,,false,0.01,0.8854166666666666,0.8930121527777778,256,0.8854166666666666,0.006944444444444444,0.10839160839160839,0.8854166666666666,0.006944444444444444,21.666666666666668,0,19898,0.0,70,0.9895833333333334,0.011
dvs128_gesture,crisp,mean_field,gesture_fixed_time_transfer,999,4,,,false,0.001,0.8854166666666666,0.8930121527777778,256,0.8854166666666666,0.006944444444444444,0.10839160839160839,0.8854166666666666,0.006944444444444444,23.555555555555557,0,19898,0.0,70,0.9895833333333334,0.002
dvs128_gesture,crisp,mean_field,gesture_fixed_time_transfer,123,1,,,true,0.01,0.9305555555555556,0.9256727430555556,256,0.9236111111111112,0.006944444444444444,0.06993006993006994,0.9236111111111112,0.010416666666666666,21.72222222222222,0,19954,0.0,70,0.9861111111111112,0.011
dvs128_gesture,crisp,mean_field,gesture_fixed_time_transfer,123,1,,,true,0.001,0.9305555555555556,0.9256727430555556,256,0.9236111111111112,0.010416666666666666,0.06666666666666667,0.9201388888888888,0.013888888888888888,22.72222222222222,0,19954,0.0,70,0.9861111111111112,0.002
dvs128_gesture,crisp,mean_field,gesture_fixed_time_transfer,42,1,,,true,0.01,0.9166666666666666,0.9134521484375,256,0.9131944444444444,0.010416666666666666,0.07719298245614035,0.9131944444444444,0.013888888888888888,23.72222222222222,0,19718,0.0,70,0.9826388888888888,0.011
dvs128_gesture,crisp,mean_field,gesture_fixed_time_transfer,42,1,,,true,0.001,0.9166666666666666,0.9134521484375,256,0.9131944444444444,0.013888888888888888,0.07394366197183098,0.9131944444444444,0.020833333333333332,25.444444444444443,0,19718,0.0,70,0.9826388888888888,0.002
dvs128_gesture,crisp,mean_field,gesture_fixed_time_transfer,999,1,,,true,0.01,0.9097222222222222,0.9064805772569444,256,0.90625,0.006944444444444444,0.08741258741258741,0.9027777777777778,0.010416666666666666,21.77777777777778,0,19870,0.0,70,0.9861111111111112,0.011
dvs128_gesture,crisp,mean_field,gesture_fixed_time_transfer,999,1,,,true,0.001,0.9097222222222222,0.9064805772569444,256,0.9027777777777778,0.013888888888888888,0.08450704225352113,0.9027777777777778,0.013888888888888888,22.27777777777778,0,19870,0.0,70,0.9861111111111112,0.002
