dataset,seed,coarsening_factor,temporal_bins,augmentation_domain,mean_epoch_s,epochs_run,paired_epoch_speedup
shd,42,1,100,fine,2.547031898756285,74,1.0
shd,123,1,100,fine,2.5463559169961947,99,1.0
shd,999,1,100,fine,2.5479179430007934,100,1.0
shd,42,2,50,fine_then_pool,0.9647466634449205,95,2.6401043872609367
shd,123,2,50,fine_then_pool,0.9673599554942205,78,2.6322734392031673
shd,999,2,50,fine_then_pool,0.9652357649803162,100,2.639684557329631
shd,42,4,25,fine_then_pool,0.38402610778808594,100,6.632444636190708
shd,123,4,25,fine_then_pool,0.3836839349646317,95,6.636597691354786
shd,999,4,25,fine_then_pool,0.38317551612854006,100,6.649480031354793
shd,42,10,10,fine_then_pool,0.2581626558303833,100,9.865996654565418
shd,123,10,10,fine_then_pool,0.26073730376458937,62,9.765982390058044
shd,999,10,10,fine_then_pool,0.25726173877716063,100,9.903990990311204
ssc,42,1,100,fine,26.40632331792046,85,1.0
ssc,123,1,100,fine,26.4484224820137,100,1.0
ssc,999,1,100,fine,26.43373096704483,100,1.0
ssc,42,2,50,fine_then_pool,9.93450232744217,100,2.658041887511368
ssc,123,2,50,fine_then_pool,9.999315927028656,100,2.645023187088457
ssc,999,2,50,fine_then_pool,10.00127254373887,85,2.6430367587165926
ssc,42,4,25,fine_then_pool,3.9377312660217285,100,6.705973956571863
ssc,123,4,25,fine_then_pool,3.9405229115486144,100,6.711906788944299
ssc,999,4,25,fine_then_pool,3.9317065048217774,100,6.723220803645175
ssc,42,10,10,fine_then_pool,2.620566987991333,85,10.076568711628674
ssc,123,10,10,fine_then_pool,2.581647074222565,100,10.244786263040373
ssc,999,10,10,fine_then_pool,2.5883668065071106,100,10.212513504883031
