dataset,binning,architecture,transfer_factor,seed,headline_accuracy,native_accuracy,transferred_accuracy,calibrated_accuracy,naive_accuracy,transfer_rule
dvs128_gesture,equal_event_count,crisp,1,123,0.9027777777777778,,,,,not_applicable
dvs128_gesture,equal_event_count,crisp,1,42,0.9097222222222222,,,,,not_applicable
dvs128_gesture,equal_event_count,crisp,1,999,0.9201388888888888,,,,,not_applicable
dvs128_gesture,fixed_time,crisp,1,123,0.9305555555555556,,,,,not_applicable
dvs128_gesture,fixed_time,crisp,1,42,0.9166666666666666,,,,,not_applicable
dvs128_gesture,fixed_time,crisp,1,999,0.9097222222222222,,,,,not_applicable
dvs128_gesture,equal_event_count,crisp,2,123,0.84375,0.84375,0.84375,0.8402777777777778,0.75,zero_order_hold
dvs128_gesture,equal_event_count,crisp,2,42,0.8993055555555556,0.8993055555555556,0.8993055555555556,0.9027777777777778,0.7534722222222222,zero_order_hold
dvs128_gesture,equal_event_count,crisp,2,999,0.9027777777777778,0.9027777777777778,0.90625,0.9097222222222222,0.6875,zero_order_hold
dvs128_gesture,equal_event_count,crisp,4,123,0.8993055555555556,0.8993055555555556,0.8993055555555556,0.9027777777777778,0.14583333333333334,zero_order_hold
dvs128_gesture,equal_event_count,crisp,4,42,0.8854166666666666,0.8854166666666666,0.8993055555555556,0.9027777777777778,0.22916666666666666,zero_order_hold
dvs128_gesture,equal_event_count,crisp,4,999,0.8888888888888888,0.8888888888888888,0.8854166666666666,0.8923611111111112,0.0798611111111111,zero_order_hold
dvs128_gesture,equal_event_count,lif,1,123,0.9270833333333334,,,,,not_applicable
dvs128_gesture,equal_event_count,lif,1,42,0.9305555555555556,,,,,not_applicable
dvs128_gesture,equal_event_count,lif,1,999,0.90625,,,,,not_applicable
dvs128_gesture,fixed_time,lif,1,123,0.9027777777777778,,,,,not_applicable
dvs128_gesture,fixed_time,lif,1,42,0.8819444444444444,,,,,not_applicable
dvs128_gesture,fixed_time,lif,1,999,0.9027777777777778,,,,,not_applicable
dvs128_gesture,equal_event_count,lif,2,123,0.8993055555555556,0.8993055555555556,0.8958333333333334,0.9166666666666666,,test_selected_oracle
dvs128_gesture,equal_event_count,lif,2,42,0.8958333333333334,0.8958333333333334,0.8958333333333334,0.8958333333333334,,test_selected_oracle
dvs128_gesture,equal_event_count,lif,2,999,0.9236111111111112,0.9236111111111112,0.9166666666666666,0.9270833333333334,,test_selected_oracle
dvs128_gesture,equal_event_count,lif,4,123,0.9027777777777778,0.9027777777777778,0.8263888888888888,0.8784722222222222,,test_selected_oracle
dvs128_gesture,equal_event_count,lif,4,42,0.8923611111111112,0.8923611111111112,0.8368055555555556,0.8715277777777778,,test_selected_oracle
dvs128_gesture,equal_event_count,lif,4,999,0.8993055555555556,0.8993055555555556,0.8472222222222222,0.8923611111111112,,test_selected_oracle
