dataset,rule,seed,last_epoch,last_graded,last_sampled_n1,last_sampled_n5,bestval_graded,bestval_sampled_n1,best_epoch,best_val,final_cos_layer0,final_cos_layer0_proj,patience20_graded,patience20_stop
shd,bptt,42,100,0.87279151943462896,0.87279151943462896,0.87058303886925792,0.87279151943462896,0.87279151943462896,98,0.95710784313725483,0.99999999999792222,0.99999999999493405,0.84805653710247353,54
shd,bptt,123,100,0.84363957597173145,0.84319787985865724,0.8467314487632509,0.84408127208480566,0.84408127208480566,75,0.96323529411764719,0.99999999998818079,0.99999999997682476,0.82729681978798586,74
shd,bptt,999,100,0.86174911660777387,0.85468197879858654,0.86263250883392228,0.86219081272084808,0.8582155477031802,93,0.9595588235294118,0.99999999999355083,0.99999999999014155,0.83171378091872794,38
shd,clear_symmetric_lag_1,42,100,0.83259717314487636,0.83083038869257952,0.82862190812720848,0.83348056537102477,0.83392226148409898,89,0.95588235294117641,0.77018029374704988,0.61460677035262457,0.83348056537102477,100
shd,clear_symmetric_lag_1,123,100,0.87323321554770317,0.86660777385159016,0.87190812720848054,0.87367491166077738,0.87190812720848054,92,0.96078431372549022,0.79357120727487274,0.732715191692484,0.83348056537102477,71
shd,clear_symmetric_lag_1,999,100,0.84584805653710249,0.84054770318021199,0.84187279151943462,0.85203180212014129,0.85159010600706708,80,0.95710784313725483,0.62060805290831467,0.6521449725959414,0.81139575971731448,54
shd,clear_random_feedback,42,100,0.83524734982332161,0.83038869257950532,0.83436395759717319,0.83701413427561833,0.83259717314487636,85,0.95833333333333337,0.47727831926686498,0.40897959537015488,0.80918727915194344,51
shd,clear_random_feedback,123,100,0.83745583038869253,0.83833922261484095,0.83833922261484095,0.84363957597173145,0.84849823321554774,94,0.94485294117647056,0.2791607339094867,0.30433487037011298,0.84363957597173145,100
shd,clear_random_feedback,999,100,0.82994699646643111,0.82597173144876324,0.82685512367491165,0.83038869257950532,0.82641342756183744,94,0.94975490196078438,0.443695117212353,0.44552715414095367,0.83038869257950532,100
shd,clear_symmetric_lag_8,42,100,0.86219081272084808,0.86042402826855124,0.86616607773851595,0.86925795053003529,0.86704946996466437,91,0.96446078431372562,0.93675850780098679,0.93267222262860561,0.86925795053003529,100
shd,clear_symmetric_lag_8,123,100,0.87234982332155475,0.86572438162544174,0.87102473498233213,0.85909893992932862,0.85468197879858654,85,0.96200980392156876,0.9692410303057728,0.93421682478578716,0.85644876325088337,71
shd,clear_symmetric_lag_8,999,100,0.87897526501766787,0.87455830388692579,0.87853356890459366,0.85114840989399299,0.85335689045936391,74,0.95588235294117641,0.92819625180500676,0.89454574066773007,0.81669611307420498,40
shd,clear_symmetric_lag_32,42,100,0.86660777385159016,0.86749116607773846,0.86660777385159016,0.86660777385159016,0.8635159010600707,92,0.96323529411764719,0.99750304134614776,0.99766649261865203,0.86660777385159016,100
shd,clear_symmetric_lag_32,123,100,0.8582155477031802,0.86130742049469966,0.857773851590106,0.85556537102473496,0.85998233215547704,75,0.95343137254901955,0.99917173675686399,0.99857691029860685,0.85556537102473496,95
shd,clear_symmetric_lag_32,999,100,0.85909893992932862,0.86086572438162545,0.85865724381625441,0.83789752650176674,0.83833922261484095,63,0.95465686274509798,0.99852611716228323,0.9978475883071396,0.84363957597173145,60
ssc,bptt,42,100,0.72088116965950344,0.70292414875870868,0.71734864095770778,0.72151898734177211,0.70179570209007947,98,0.73990582106001401,0.99999999999633538,0.99999999999113598,0.71867333922088117,100
ssc,bptt,123,100,0.72510057894220392,0.70694730644686488,0.72161711313904431,0.72362869198312241,0.7083210676086743,90,0.74341248371906621,0.9999999999766872,0.9999999999214032,,
ssc,bptt,999,100,0.70523010499460304,0.69252281424786577,0.70483760180551469,0.70630948876459621,0.6935531351192229,91,0.72828373910429811,0.99999999999709377,0.99999999999026956,,
ssc,clear_symmetric_lag_1,42,100,0.70287508586007263,0.68849965655970957,0.70419978412324602,0.70262977136689231,0.6890884113433422,82,0.72517783789199475,0.90759295428362796,0.85824571915392811,0.70248258267098418,95
ssc,clear_symmetric_lag_1,123,100,0.71626925718771461,0.6979197330978314,0.71455205573545288,0.71420861544500047,0.69752722990874305,90,0.73339344755034563,0.87304821158880253,0.8237304994659187,,
ssc,clear_symmetric_lag_1,999,100,0.71808458443724854,0.70189382788735155,0.71563143950544594,0.71823177313315667,0.70012756353645378,83,0.73619877767758746,0.78463354287572729,0.83056895964233257,,
ssc,clear_random_feedback,42,100,0.68045334118339706,0.66445883622804436,0.67839269944068292,0.68226866843293099,0.66416445883622799,91,0.70914738002204192,0.57620384761711041,0.31457003116799392,0.69497595917966837,100
ssc,clear_random_feedback,123,100,0.67814738494750271,0.65886566578353445,0.67525267392797561,0.67839269944068292,0.66107349622215683,97,0.70253481615068636,0.41645618000240747,0.25185403385885469,,
ssc,clear_random_feedback,999,100,0.67834363654204688,0.65940535766853103,0.67407516436071047,0.67731331567068986,0.65974879795898345,86,0.70223424506562471,0.43315174660237998,0.25078686848248161,,
