dataset,architecture,schedule,seed,inference,accuracy,firing_rate,graded_fraction,macro_f1,checkpoint_sha256,protocol_sha256
shd,crisp,fixed_five,42,mean_field,0.8803003533568905,0.44327712390157914,0.22184073759449852,0.8705633203921377,cd55a1194fc1bc9f49ebad7f78ddb0f0bc795ca29aee9b02072886c07f841d43,272e43b439195dfeaa3c8986d391d8a896f059e89cd410a2bc8c884b5a59e87b
shd,crisp,fixed_five,42,single_draw,0.8705830388692579,0.44371311200989616,0.2216537876261605,0.8610477675070163,cd55a1194fc1bc9f49ebad7f78ddb0f0bc795ca29aee9b02072886c07f841d43,272e43b439195dfeaa3c8986d391d8a896f059e89cd410a2bc8c884b5a59e87b
shd,crisp,fixed_five,42,five_draw,0.8767667844522968,0.4437235908375846,0.2216043190823661,0.867286482384724,cd55a1194fc1bc9f49ebad7f78ddb0f0bc795ca29aee9b02072886c07f841d43,272e43b439195dfeaa3c8986d391d8a896f059e89cd410a2bc8c884b5a59e87b
shd,crisp,annealed_one_to_five,42,mean_field,0.8621908127208481,0.40693433913919663,0.19702049013641146,0.8517385965569642,d040f76bc7f88c4620b22a524ae0781d5b1d2cc163d05577d5c75a710a3b5e4d,272e43b439195dfeaa3c8986d391d8a896f059e89cd410a2bc8c884b5a59e87b
shd,crisp,annealed_one_to_five,42,single_draw,0.8507067137809188,0.4075230724281735,0.19676605529255337,0.8403679597823155,d040f76bc7f88c4620b22a524ae0781d5b1d2cc163d05577d5c75a710a3b5e4d,272e43b439195dfeaa3c8986d391d8a896f059e89cd410a2bc8c884b5a59e87b
shd,crisp,annealed_one_to_five,42,five_draw,0.8652826855123675,0.4075371523698171,0.19682566821575165,0.8547817825103345,d040f76bc7f88c4620b22a524ae0781d5b1d2cc163d05577d5c75a710a3b5e4d,272e43b439195dfeaa3c8986d391d8a896f059e89cd410a2bc8c884b5a59e87b
shd,crisp,annealed_one_to_five,123,mean_field,0.8794169611307421,0.4195737557278739,0.19320821679300731,0.87666032387582,f13ff89a134c7b5bd4a5f3f62cad81e1e7b2a588c9eb5c2140657c64278300e7,272e43b439195dfeaa3c8986d391d8a896f059e89cd410a2bc8c884b5a59e87b
shd,crisp,annealed_one_to_five,123,single_draw,0.8652826855123675,0.4198954287502501,0.19314695480797026,0.8626494764377028,f13ff89a134c7b5bd4a5f3f62cad81e1e7b2a588c9eb5c2140657c64278300e7,272e43b439195dfeaa3c8986d391d8a896f059e89cd410a2bc8c884b5a59e87b
shd,crisp,annealed_one_to_five,123,five_draw,0.8758833922261484,0.4198948128355874,0.19317400372690624,0.873187420810439,f13ff89a134c7b5bd4a5f3f62cad81e1e7b2a588c9eb5c2140657c64278300e7,272e43b439195dfeaa3c8986d391d8a896f059e89cd410a2bc8c884b5a59e87b
shd,crisp,fixed_five,123,mean_field,0.8480565371024735,0.4586271279388004,0.2218753554754787,0.8430732425233808,c6ed15d8d95522f4ab15e065954884cacc9661adeb4fd123959ccfb8c2eb7bd4,272e43b439195dfeaa3c8986d391d8a896f059e89cd410a2bc8c884b5a59e87b
shd,crisp,fixed_five,123,single_draw,0.8440812720848057,0.4591517945130666,0.22204746305942535,0.8396191527740283,c6ed15d8d95522f4ab15e065954884cacc9661adeb4fd123959ccfb8c2eb7bd4,272e43b439195dfeaa3c8986d391d8a896f059e89cd410a2bc8c884b5a59e87b
shd,crisp,fixed_five,123,five_draw,0.8467314487632509,0.45917200711038375,0.2220735458864106,0.8419109220516517,c6ed15d8d95522f4ab15e065954884cacc9661adeb4fd123959ccfb8c2eb7bd4,272e43b439195dfeaa3c8986d391d8a896f059e89cd410a2bc8c884b5a59e87b
shd,crisp,fixed_five,999,mean_field,0.8652826855123675,0.44069548779063755,0.21848087261120477,0.8535155355152577,d06e7fbf47c1a3e96e873250c319dc9c6c97e071f0c241b67bc18bb7c618dab4,272e43b439195dfeaa3c8986d391d8a896f059e89cd410a2bc8c884b5a59e87b
shd,crisp,fixed_five,999,single_draw,0.8546819787985865,0.4411938190460205,0.21860545211368138,0.842506569913439,d06e7fbf47c1a3e96e873250c319dc9c6c97e071f0c241b67bc18bb7c618dab4,272e43b439195dfeaa3c8986d391d8a896f059e89cd410a2bc8c884b5a59e87b
shd,crisp,fixed_five,999,five_draw,0.8666077738515902,0.44123658869001603,0.21858659552203286,0.8553628533103674,d06e7fbf47c1a3e96e873250c319dc9c6c97e071f0c241b67bc18bb7c618dab4,272e43b439195dfeaa3c8986d391d8a896f059e89cd410a2bc8c884b5a59e87b
shd,crisp,annealed_one_to_five,999,mean_field,0.8878091872791519,0.4074028995301988,0.1976237263944414,0.8822926962301858,5be6586f1cddfd7c2bb855fb44c02c03082fd8e982979fa67acae47815289ed6,272e43b439195dfeaa3c8986d391d8a896f059e89cd410a2bc8c884b5a59e87b
shd,crisp,annealed_one_to_five,999,single_draw,0.8741166077738516,0.40770457684993744,0.1977879520919588,0.86815854812019,5be6586f1cddfd7c2bb855fb44c02c03082fd8e982979fa67acae47815289ed6,272e43b439195dfeaa3c8986d391d8a896f059e89cd410a2bc8c884b5a59e87b
shd,crisp,annealed_one_to_five,999,five_draw,0.8829505300353356,0.4077351888020833,0.19781170040369034,0.8770992802613227,5be6586f1cddfd7c2bb855fb44c02c03082fd8e982979fa67acae47815289ed6,272e43b439195dfeaa3c8986d391d8a896f059e89cd410a2bc8c884b5a59e87b
shd,pspikessm,fixed_five,42,mean_field,0.8816254416961131,,,0.8729393462774331,e0c198fbb9e3c5fb318acd1ff90774e7683e41825a8fc63170d865dd29263368,272e43b439195dfeaa3c8986d391d8a896f059e89cd410a2bc8c884b5a59e87b
shd,pspikessm,fixed_five,42,single_draw,0.8542402826855123,,,0.844572448926128,e0c198fbb9e3c5fb318acd1ff90774e7683e41825a8fc63170d865dd29263368,272e43b439195dfeaa3c8986d391d8a896f059e89cd410a2bc8c884b5a59e87b
shd,pspikessm,fixed_five,42,five_draw,0.8652826855123675,,,0.8544424473955201,e0c198fbb9e3c5fb318acd1ff90774e7683e41825a8fc63170d865dd29263368,272e43b439195dfeaa3c8986d391d8a896f059e89cd410a2bc8c884b5a59e87b
shd,pspikessm,annealed_one_to_five,42,mean_field,0.8882508833922261,,,0.8792756635603023,b06d29e53f74e12a42ea3b2202b9a132cf305ac1e90e8e443005a38613dc46f3,272e43b439195dfeaa3c8986d391d8a896f059e89cd410a2bc8c884b5a59e87b
shd,pspikessm,annealed_one_to_five,42,single_draw,0.8652826855123675,,,0.8551549044777598,b06d29e53f74e12a42ea3b2202b9a132cf305ac1e90e8e443005a38613dc46f3,272e43b439195dfeaa3c8986d391d8a896f059e89cd410a2bc8c884b5a59e87b
shd,pspikessm,annealed_one_to_five,42,five_draw,0.8785335689045937,,,0.869100367637078,b06d29e53f74e12a42ea3b2202b9a132cf305ac1e90e8e443005a38613dc46f3,272e43b439195dfeaa3c8986d391d8a896f059e89cd410a2bc8c884b5a59e87b
shd,pspikessm,annealed_one_to_five,123,mean_field,0.892226148409894,,,0.8865955500003239,8a4b0013336ec0e197ff615b6d37750f2780323927bf862cc14e7dc2393b4f9e,272e43b439195dfeaa3c8986d391d8a896f059e89cd410a2bc8c884b5a59e87b
shd,pspikessm,annealed_one_to_five,123,single_draw,0.8886925795053003,,,0.8828765578461855,8a4b0013336ec0e197ff615b6d37750f2780323927bf862cc14e7dc2393b4f9e,272e43b439195dfeaa3c8986d391d8a896f059e89cd410a2bc8c884b5a59e87b
shd,pspikessm,annealed_one_to_five,123,five_draw,0.8939929328621908,,,0.8880877797671707,8a4b0013336ec0e197ff615b6d37750f2780323927bf862cc14e7dc2393b4f9e,272e43b439195dfeaa3c8986d391d8a896f059e89cd410a2bc8c884b5a59e87b
shd,pspikessm,fixed_five,123,mean_field,0.8803003533568905,,,0.8752042226628829,4cf1d0d97530b1ca67a45f235572a37b46092319208534ef349618b7391d80d3,272e43b439195dfeaa3c8986d391d8a896f059e89cd410a2bc8c884b5a59e87b
shd,pspikessm,fixed_five,123,single_draw,0.8714664310954063,,,0.8667583847613907,4cf1d0d97530b1ca67a45f235572a37b46092319208534ef349618b7391d80d3,272e43b439195dfeaa3c8986d391d8a896f059e89cd410a2bc8c884b5a59e87b
shd,pspikessm,fixed_five,123,five_draw,0.883833922261484,,,0.8779918474625505,4cf1d0d97530b1ca67a45f235572a37b46092319208534ef349618b7391d80d3,272e43b439195dfeaa3c8986d391d8a896f059e89cd410a2bc8c884b5a59e87b
shd,pspikessm,fixed_five,999,mean_field,0.8820671378091873,,,0.876264990738439,5856cab4878dcd867d9ae0656c1792fdcd2cc81a8f88406cd042317e1654745d,272e43b439195dfeaa3c8986d391d8a896f059e89cd410a2bc8c884b5a59e87b
shd,pspikessm,fixed_five,999,single_draw,0.8745583038869258,,,0.866193916379201,5856cab4878dcd867d9ae0656c1792fdcd2cc81a8f88406cd042317e1654745d,272e43b439195dfeaa3c8986d391d8a896f059e89cd410a2bc8c884b5a59e87b
shd,pspikessm,fixed_five,999,five_draw,0.8856007067137809,,,0.8779232279082134,5856cab4878dcd867d9ae0656c1792fdcd2cc81a8f88406cd042317e1654745d,272e43b439195dfeaa3c8986d391d8a896f059e89cd410a2bc8c884b5a59e87b
shd,pspikessm,annealed_one_to_five,999,mean_field,0.8816254416961131,,,0.8735790144566753,0aa05f6fd29426d77dcc6c2ed77033cd770f5cb767116050296b0d4826d1b1d3,272e43b439195dfeaa3c8986d391d8a896f059e89cd410a2bc8c884b5a59e87b
shd,pspikessm,annealed_one_to_five,999,single_draw,0.8789752650176679,,,0.8706472295664746,0aa05f6fd29426d77dcc6c2ed77033cd770f5cb767116050296b0d4826d1b1d3,272e43b439195dfeaa3c8986d391d8a896f059e89cd410a2bc8c884b5a59e87b
shd,pspikessm,annealed_one_to_five,999,five_draw,0.877208480565371,,,0.8672423445888775,0aa05f6fd29426d77dcc6c2ed77033cd770f5cb767116050296b0d4826d1b1d3,272e43b439195dfeaa3c8986d391d8a896f059e89cd410a2bc8c884b5a59e87b
