device,method,T,step_ms,evidence_level
GPU,CRISP FFT,100,2.46,reported_summary
GPU,CRISP FFT,250,2.6899999999999999,reported_summary
GPU,CRISP FFT,500,4.71,reported_summary
GPU,CRISP FFT,1000,11.800000000000001,reported_summary
GPU,CRISP FFT,2000,25.800000000000001,reported_summary
GPU,CRISP FFT,5000,65.200000000000003,reported_summary
GPU,CRISP FFT,10000,147,reported_summary
GPU,CRISP fused,100,3.1000000000000001,reported_summary
GPU,CRISP fused,250,3.0800000000000001,reported_summary
GPU,CRISP fused,500,3.4100000000000001,reported_summary
GPU,CRISP fused,1000,5.75,reported_summary
GPU,CRISP fused,2000,12.9,reported_summary
GPU,CRISP fused,5000,31.800000000000001,reported_summary
GPU,CRISP fused,10000,62.700000000000003,reported_summary
GPU,LIF fused,100,1.45,reported_summary
GPU,LIF fused,250,1.4299999999999999,reported_summary
GPU,LIF fused,500,1.6399999999999999,reported_summary
GPU,LIF fused,1000,3.0299999999999998,reported_summary
GPU,LIF fused,2000,6.3600000000000003,reported_summary
GPU,LIF fused,5000,15.699999999999999,reported_summary
GPU,LIF fused,10000,31.399999999999999,reported_summary
GPU,SPSN official,100,1.27,reported_summary
GPU,SPSN official,250,2.4300000000000002,reported_summary
GPU,SPSN official,500,4.4699999999999998,reported_summary
GPU,SPSN official,1000,11.5,reported_summary
GPU,SPSN official,2000,24.100000000000001,reported_summary
GPU,SPSN official,5000,62.399999999999999,reported_summary
GPU,SPSN official,10000,146,reported_summary
TPU,CRISP chunked,100,16.5,reported_summary
TPU,CRISP chunked,250,16.5,reported_summary
TPU,CRISP chunked,500,18.399999999999999,reported_summary
TPU,CRISP chunked,1000,21.899999999999999,reported_summary
TPU,CRISP chunked,2000,30.5,reported_summary
TPU,CRISP chunked,5000,56.600000000000001,reported_summary
TPU,CRISP chunked,10000,106,reported_summary
TPU,LIF XLA scan,100,180,reported_summary
TPU,LIF XLA scan,250,183,reported_summary
TPU,LIF XLA scan,500,190,reported_summary
TPU,LIF XLA scan,1000,211,reported_summary
TPU,LIF XLA scan,2000,254,reported_summary
TPU,LIF XLA scan,5000,362,reported_summary
TPU,LIF XLA scan,10000,545,reported_summary
