dataset,architecture,training_rule,sampler_schedule,seed,beta_end,sampler,sampler_count,mean_probability,mean_bernoulli_variance,saturated_fraction,unit_steps,mean_field_accuracy,single_draw_accuracy
shd,crisp,mean_field,annealed_one_to_five,42,5.0,layer_0_soma,2,0.3541293712402992,0.07872204625762237,0.5416480441143993,57958400,0.8480565371024735,0.8502650176678446
shd,crisp,mean_field,annealed_one_to_five,42,5.0,layer_1_soma,2,0.4726937301589374,0.051559286195171077,0.6947344302120141,57958400,0.8480565371024735,0.8502650176678446
shd,crisp,mean_field,annealed_one_to_five,123,5.0,layer_0_soma,2,0.3729471190302266,0.07959062078914904,0.5347181426678446,57958400,0.8732332155477032,0.8696996466431095
shd,crisp,mean_field,annealed_one_to_five,123,5.0,layer_1_soma,2,0.47011413328206786,0.0525733376146782,0.6886207866331714,57958400,0.8732332155477032,0.8696996466431095
shd,crisp,mean_field,annealed_one_to_five,999,5.0,layer_0_soma,2,0.36439262221972235,0.08044806358290228,0.5349859899514134,57958400,0.8798586572438163,0.8732332155477032
shd,crisp,mean_field,annealed_one_to_five,999,5.0,layer_1_soma,2,0.4644065750623103,0.05337265068345509,0.6840745258668286,57958400,0.8798586572438163,0.8732332155477032
shd,crisp,sampled_straight_through,annealed_one_to_five,42,5.0,layer_0_soma,2,0.44704944807542135,0.07689182366952481,0.5472557213449647,57958400,0.8219964664310954,0.8140459363957597
shd,crisp,sampled_straight_through,annealed_one_to_five,42,5.0,layer_1_soma,2,0.4739541521967421,0.04261348185735322,0.7485082749006183,57958400,0.8219964664310954,0.8140459363957597
shd,crisp,sampled_straight_through,annealed_one_to_five,123,5.0,layer_0_soma,2,0.46033127743971114,0.07870179639260115,0.5440378271311838,57958400,0.7999116607773852,0.7906360424028268
shd,crisp,sampled_straight_through,annealed_one_to_five,123,5.0,layer_1_soma,2,0.47092394099072166,0.04288934062153392,0.7468378871742491,57958400,0.7999116607773852,0.7906360424028268
shd,crisp,sampled_straight_through,annealed_one_to_five,999,5.0,layer_0_soma,2,0.4553625142408057,0.07821724556199806,0.5440948680432862,57958400,0.7782685512367491,0.7773851590106007
shd,crisp,sampled_straight_through,annealed_one_to_five,999,5.0,layer_1_soma,2,0.4737451774660724,0.043063104010456835,0.7459091003202297,57958400,0.7782685512367491,0.7773851590106007
shd,crisp,mean_field,fixed_one,42,1.0,layer_0_soma,2,0.3988849594271083,0.17743616055722447,0.10611454077407244,57958400,0.8471731448763251,0.8021201413427562
shd,crisp,mean_field,fixed_one,42,1.0,layer_1_soma,2,0.4875392154087844,0.1725337612408008,0.07146984733878092,57958400,0.8471731448763251,0.8021201413427562
shd,crisp,mean_field,fixed_one,123,1.0,layer_0_soma,2,0.4015393185914173,0.17552727054230088,0.10740144655477032,57958400,0.8560070671378092,0.8052120141342756
shd,crisp,mean_field,fixed_one,123,1.0,layer_1_soma,2,0.4954255020094787,0.16949123771243815,0.07942926305764134,57958400,0.8560070671378092,0.8052120141342756
shd,crisp,mean_field,fixed_one,999,1.0,layer_0_soma,2,0.3908576445344716,0.17552367020926496,0.10880395249006183,57958400,0.866166077738516,0.8021201413427562
shd,crisp,mean_field,fixed_one,999,1.0,layer_1_soma,2,0.49318784178033714,0.17111667555862523,0.07449042761704947,57958400,0.866166077738516,0.8021201413427562
shd,crisp,mean_field,annealed_one_to_two,42,2.0,layer_0_soma,2,0.36677174960606695,0.1315214492497659,0.2765999751545936,57958400,0.8825088339222615,0.8546819787985865
shd,crisp,mean_field,annealed_one_to_two,42,2.0,layer_1_soma,2,0.4790376293847275,0.11190670576792221,0.3360418161992049,57958400,0.8825088339222615,0.8546819787985865
shd,crisp,mean_field,annealed_one_to_two,123,2.0,layer_0_soma,2,0.3963141862706949,0.13643731195491673,0.2590959205223057,57958400,0.851148409893993,0.8387809187279152
shd,crisp,mean_field,annealed_one_to_two,123,2.0,layer_1_soma,2,0.4835872663588809,0.10689288887611331,0.3618544507784894,57958400,0.851148409893993,0.8387809187279152
shd,crisp,mean_field,annealed_one_to_two,999,2.0,layer_0_soma,2,0.3724863393336912,0.13201058374916788,0.2762467562941696,57958400,0.8758833922261484,0.8515901060070671
shd,crisp,mean_field,annealed_one_to_two,999,2.0,layer_1_soma,2,0.4775637549254745,0.11157252622462724,0.33212854392115726,57958400,0.8758833922261484,0.8515901060070671
shd,crisp,mean_field,annealed_one_to_ten,42,10.0,layer_0_soma,2,0.3570731128930184,0.04917600812431098,0.7121426747460248,57958400,0.8657243816254417,0.857773851590106
shd,crisp,mean_field,annealed_one_to_ten,42,10.0,layer_1_soma,2,0.45641133165386066,0.02918471021676319,0.8279640914863075,57958400,0.8657243816254417,0.857773851590106
shd,crisp,mean_field,annealed_one_to_ten,123,10.0,layer_0_soma,2,0.3785113083167247,0.04970442725301265,0.7057106303831714,57958400,0.8909010600706714,0.8895759717314488
shd,crisp,mean_field,annealed_one_to_ten,123,10.0,layer_1_soma,2,0.46807577776709014,0.028759041733761034,0.8304291871411219,57958400,0.8909010600706714,0.8895759717314488
shd,crisp,mean_field,annealed_one_to_ten,999,10.0,layer_0_soma,2,0.37425306306321754,0.048385052574535056,0.7145565267502209,57958400,0.8820671378091873,0.8803003533568905
shd,crisp,mean_field,annealed_one_to_ten,999,10.0,layer_1_soma,2,0.4623171840587375,0.028697408505905343,0.8309564273685954,57958400,0.8820671378091873,0.8803003533568905
shd,pspikessm,published_rule,native_rule,42,1.0,block_0_s4_input,4,0.2313863130310494,0.06465484218513805,0.6594098056537102,45280000,0.8639575971731449,0.8462897526501767
shd,pspikessm,published_rule,native_rule,42,1.0,block_0_mixer_input,4,0.28938478888288194,0.06599766249140022,0.6082212676678446,45280000,0.8639575971731449,0.8462897526501767
shd,pspikessm,published_rule,native_rule,42,1.0,block_1_s4_input,4,0.24904160977087753,0.05358362397512428,0.7068714885159011,45280000,0.8639575971731449,0.8462897526501767
shd,pspikessm,published_rule,native_rule,42,1.0,block_1_mixer_input,4,0.3221352448043364,0.06314489064661914,0.6235697438162544,45280000,0.8639575971731449,0.8462897526501767
shd,pspikessm,published_rule,native_rule,123,1.0,block_0_s4_input,4,0.23565327095772257,0.06180388506262073,0.6718941033568905,45280000,0.8904593639575972,0.8794169611307421
shd,pspikessm,published_rule,native_rule,123,1.0,block_0_mixer_input,4,0.3247794754558198,0.06584382847444999,0.618036925795053,45280000,0.8904593639575972,0.8794169611307421
shd,pspikessm,published_rule,native_rule,123,1.0,block_1_s4_input,4,0.23898548576095877,0.052381395425952555,0.7127581051236749,45280000,0.8904593639575972,0.8794169611307421
shd,pspikessm,published_rule,native_rule,123,1.0,block_1_mixer_input,4,0.3206434098117608,0.058292387150227984,0.6584530256183746,45280000,0.8904593639575972,0.8794169611307421
shd,pspikessm,published_rule,native_rule,999,1.0,block_0_s4_input,4,0.23825309236723943,0.06311987921012265,0.6655844302120142,45280000,0.8807420494699647,0.859982332155477
shd,pspikessm,published_rule,native_rule,999,1.0,block_0_mixer_input,4,0.3154942397523307,0.06462281873529649,0.6233815371024735,45280000,0.8807420494699647,0.859982332155477
shd,pspikessm,published_rule,native_rule,999,1.0,block_1_s4_input,4,0.24112997571789563,0.053055146630787635,0.7086964664310954,45280000,0.8807420494699647,0.859982332155477
shd,pspikessm,published_rule,native_rule,999,1.0,block_1_mixer_input,4,0.34190959765869533,0.061052764558904515,0.6450306316254417,45280000,0.8807420494699647,0.859982332155477
shd,pspikessm,mean_field,fixed_one,42,1.0,block_0_s4_input,4,0.20483416825840833,0.06582033493619534,0.6432493816254417,45280000,0.8904593639575972,0.6148409893992933
shd,pspikessm,mean_field,fixed_one,42,1.0,block_0_mixer_input,4,0.20327201334075276,0.07248368359250698,0.5573992932862191,45280000,0.8904593639575972,0.6148409893992933
shd,pspikessm,mean_field,fixed_one,42,1.0,block_1_s4_input,4,0.23211456997203983,0.05652392449388507,0.6901059187279152,45280000,0.8904593639575972,0.6148409893992933
shd,pspikessm,mean_field,fixed_one,42,1.0,block_1_mixer_input,4,0.2955324808939918,0.07017868203147672,0.591273917844523,45280000,0.8904593639575972,0.6148409893992933
shd,pspikessm,mean_field,fixed_one,123,1.0,block_0_s4_input,4,0.20885131565934745,0.06525211554010425,0.6438948542402827,45280000,0.8789752650176679,0.6943462897526502
shd,pspikessm,mean_field,fixed_one,123,1.0,block_0_mixer_input,4,0.23314531674468197,0.07525454156766427,0.5524965768551237,45280000,0.8789752650176679,0.6943462897526502
shd,pspikessm,mean_field,fixed_one,123,1.0,block_1_s4_input,4,0.23044643939781573,0.0585238897247476,0.6804820229681979,45280000,0.8789752650176679,0.6943462897526502
shd,pspikessm,mean_field,fixed_one,123,1.0,block_1_mixer_input,4,0.29680434789595816,0.06528776422481716,0.6213005962897526,45280000,0.8789752650176679,0.6943462897526502
shd,pspikessm,mean_field,fixed_one,999,1.0,block_0_s4_input,4,0.21134787993722434,0.06683416554196672,0.6483312941696113,45280000,0.8758833922261484,0.7151060070671378
shd,pspikessm,mean_field,fixed_one,999,1.0,block_0_mixer_input,4,0.2066507088492489,0.06966709231334402,0.5770519434628976,45280000,0.8758833922261484,0.7151060070671378
shd,pspikessm,mean_field,fixed_one,999,1.0,block_1_s4_input,4,0.2340830979227698,0.05833375127500086,0.6817065591872792,45280000,0.8758833922261484,0.7151060070671378
shd,pspikessm,mean_field,fixed_one,999,1.0,block_1_mixer_input,4,0.3161035643075696,0.06870057929002756,0.5941552340989399,45280000,0.8758833922261484,0.7151060070671378
shd,pspikessm,mean_field,annealed_one_to_five,42,5.0,block_0_s4_input,4,0.17872701028382715,0.016797914234981705,0.9126545053003533,45280000,0.8833922261484098,0.8763250883392226
shd,pspikessm,mean_field,annealed_one_to_five,42,5.0,block_0_mixer_input,4,0.17965498582668957,0.010918027802569116,0.9404596068904594,45280000,0.8833922261484098,0.8763250883392226
shd,pspikessm,mean_field,annealed_one_to_five,42,5.0,block_1_s4_input,4,0.21693188606528993,0.012020658775173316,0.9349940812720848,45280000,0.8833922261484098,0.8763250883392226
shd,pspikessm,mean_field,annealed_one_to_five,42,5.0,block_1_mixer_input,4,0.27624450392329825,0.014230102726158699,0.923620340106007,45280000,0.8833922261484098,0.8763250883392226
shd,pspikessm,mean_field,annealed_one_to_five,123,5.0,block_0_s4_input,4,0.1938781387658737,0.021440172315158178,0.8869971068904594,45280000,0.8493816254416962,0.8546819787985865
shd,pspikessm,mean_field,annealed_one_to_five,123,5.0,block_0_mixer_input,4,0.18082890821702766,0.010760179004506916,0.9416136704946997,45280000,0.8493816254416962,0.8546819787985865
shd,pspikessm,mean_field,annealed_one_to_five,123,5.0,block_1_s4_input,4,0.21903687463150204,0.012702883892760636,0.9314354461130742,45280000,0.8493816254416962,0.8546819787985865
shd,pspikessm,mean_field,annealed_one_to_five,123,5.0,block_1_mixer_input,4,0.2547467022906357,0.010442736984773635,0.9435288648409894,45280000,0.8493816254416962,0.8546819787985865
shd,pspikessm,mean_field,annealed_one_to_five,999,5.0,block_0_s4_input,4,0.19746561668533766,0.019047976289246295,0.897792093639576,45280000,0.8798586572438163,0.8763250883392226
shd,pspikessm,mean_field,annealed_one_to_five,999,5.0,block_0_mixer_input,4,0.17441797963817582,0.011114616171461022,0.9396813604240283,45280000,0.8798586572438163,0.8763250883392226
shd,pspikessm,mean_field,annealed_one_to_five,999,5.0,block_1_s4_input,4,0.21507128924907715,0.013000675572627228,0.9297262146643109,45280000,0.8798586572438163,0.8763250883392226
shd,pspikessm,mean_field,annealed_one_to_five,999,5.0,block_1_mixer_input,4,0.2865709755424351,0.011856188249551201,0.935454019434629,45280000,0.8798586572438163,0.8763250883392226
ssc,crisp,mean_field,annealed_one_to_five,42,5.0,layer_0_soma,2,0.12023969817253817,0.027800370173716425,0.827816329205917,521779200,0.7238740064763026,0.6913453046806005
ssc,crisp,mean_field,annealed_one_to_five,42,5.0,layer_1_soma,2,0.2525794549514659,0.02376993214076136,0.8607171366739035,521779200,0.7238740064763026,0.6913453046806005
ssc,crisp,mean_field,annealed_one_to_five,123,5.0,layer_0_soma,2,0.13526337723761384,0.028969035778537412,0.8223090494983318,521779200,0.7250024531449318,0.6945343930919439
ssc,crisp,mean_field,annealed_one_to_five,123,5.0,layer_1_soma,2,0.24643026640104915,0.02415451051941344,0.8584344757322637,521779200,0.7250024531449318,0.6945343930919439
ssc,crisp,mean_field,annealed_one_to_five,999,5.0,layer_0_soma,2,0.15310303873464898,0.031996880421487024,0.8047190593262438,521779200,0.7291237366303601,0.6996369345500932
ssc,crisp,mean_field,annealed_one_to_five,999,5.0,layer_1_soma,2,0.22302342657744348,0.024415431948769835,0.8569109194080561,521779200,0.7291237366303601,0.6996369345500932
ssc,crisp,sampled_straight_through,annealed_one_to_five,42,5.0,layer_0_soma,2,0.35045531800093893,0.0419330076395138,0.7532245133573742,521779200,0.6963006574428418,0.6909528014915122
ssc,crisp,sampled_straight_through,annealed_one_to_five,42,5.0,layer_1_soma,2,0.4037040907273015,0.017026076727141952,0.8998596801099009,521779200,0.6963006574428418,0.6909528014915122
ssc,crisp,sampled_straight_through,annealed_one_to_five,123,5.0,layer_0_soma,2,0.36458704510074974,0.046082779705795246,0.7246508848953733,521779200,0.6993425571582769,0.6923756255519576
ssc,crisp,sampled_straight_through,annealed_one_to_five,123,5.0,layer_1_soma,2,0.39519839969580856,0.018015573314998798,0.8940050484956089,521779200,0.6993425571582769,0.6923756255519576
ssc,crisp,sampled_straight_through,annealed_one_to_five,999,5.0,layer_0_soma,2,0.35914083817296916,0.043414870940665144,0.7411418929692867,521779200,0.7006181925228142,0.6929643803355903
ssc,crisp,sampled_straight_through,annealed_one_to_five,999,5.0,layer_1_soma,2,0.38285759652644874,0.018013583489786673,0.8939974284141644,521779200,0.7006181925228142,0.6929643803355903
ssc,pspikessm,published_rule,native_rule,42,1.0,block_0_s4_input,4,0.25516481668566315,0.0465212282626888,0.7482806299676185,407640000,0.7466391914434305,0.728044352860367
ssc,pspikessm,published_rule,native_rule,42,1.0,block_0_mixer_input,4,0.28880262300262305,0.05784832531511897,0.6722063143950544,407640000,0.7466391914434305,0.728044352860367
ssc,pspikessm,published_rule,native_rule,42,1.0,block_1_s4_input,4,0.2135257786215994,0.03856179619413995,0.7863406314395055,407640000,0.7466391914434305,0.728044352860367
ssc,pspikessm,published_rule,native_rule,42,1.0,block_1_mixer_input,4,0.24650033026900683,0.05085520428379975,0.7075265258561476,407640000,0.7466391914434305,0.728044352860367
ssc,pspikessm,published_rule,native_rule,123,1.0,block_0_s4_input,4,0.25429067999234944,0.04770328346416481,0.7410404180158964,407640000,0.7445294868020803,0.7263762143067413
ssc,pspikessm,published_rule,native_rule,123,1.0,block_0_mixer_input,4,0.28735404449941426,0.05820139853707943,0.6628933691492493,407640000,0.7445294868020803,0.7263762143067413
ssc,pspikessm,published_rule,native_rule,123,1.0,block_1_s4_input,4,0.21538983729452563,0.037568098453225424,0.790204423020312,407640000,0.7445294868020803,0.7263762143067413
ssc,pspikessm,published_rule,native_rule,123,1.0,block_1_mixer_input,4,0.2659738014981993,0.04928665340459379,0.7181757089588853,407640000,0.7445294868020803,0.7263762143067413
ssc,pspikessm,published_rule,native_rule,999,1.0,block_0_s4_input,4,0.25774690202554623,0.046346188687651176,0.7499765994504956,407640000,0.7429104111470906,0.7207339809635953
ssc,pspikessm,published_rule,native_rule,999,1.0,block_0_mixer_input,4,0.28840224251452995,0.05539807073341978,0.6818809488764597,407640000,0.7429104111470906,0.7207339809635953
ssc,pspikessm,published_rule,native_rule,999,1.0,block_1_s4_input,4,0.22090034921447235,0.03918688555768933,0.7827269845942498,407640000,0.7429104111470906,0.7207339809635953
ssc,pspikessm,published_rule,native_rule,999,1.0,block_1_mixer_input,4,0.2607453486391779,0.047593727145604434,0.7280873810224708,407640000,0.7429104111470906,0.7207339809635953
ssc,pspikessm,mean_field,fixed_one,42,1.0,block_0_s4_input,4,0.14593411704552964,0.0453823143886578,0.7381599597684231,407640000,0.7293199882249043,0.32464920027475225
ssc,pspikessm,mean_field,fixed_one,42,1.0,block_0_mixer_input,4,0.21248633154053176,0.07202134255048133,0.5579742517907958,407640000,0.7293199882249043,0.32464920027475225
ssc,pspikessm,mean_field,fixed_one,42,1.0,block_1_s4_input,4,0.15812035141427663,0.04516587600908691,0.7444476866843293,407640000,0.7293199882249043,0.32464920027475225
ssc,pspikessm,mean_field,fixed_one,42,1.0,block_1_mixer_input,4,0.19380070844082606,0.0564192244387555,0.6557190707486998,407640000,0.7293199882249043,0.32464920027475225
ssc,pspikessm,mean_field,fixed_one,123,1.0,block_0_s4_input,4,0.15015668191697878,0.04485829542524776,0.7419559537827495,407640000,0.7312825041703463,0.3861740751643607
ssc,pspikessm,mean_field,fixed_one,123,1.0,block_0_mixer_input,4,0.21810577873503287,0.07437915193300688,0.5434993818074771,407640000,0.7312825041703463,0.3861740751643607
ssc,pspikessm,mean_field,fixed_one,123,1.0,block_1_s4_input,4,0.1498807843582916,0.044133997773851394,0.7499535668727308,407640000,0.7312825041703463,0.3861740751643607
ssc,pspikessm,mean_field,fixed_one,123,1.0,block_1_mixer_input,4,0.20229719097784918,0.057516655404789056,0.6465867849082524,407640000,0.7312825041703463,0.3861740751643607
ssc,pspikessm,mean_field,fixed_one,999,1.0,block_0_s4_input,4,0.15898819380601903,0.04776818781964156,0.7306180968501619,407640000,0.7272102835835541,0.4230203120400353
ssc,pspikessm,mean_field,fixed_one,999,1.0,block_0_mixer_input,4,0.20971770698144962,0.0681082319647508,0.5850026493965264,407640000,0.7272102835835541,0.4230203120400353
ssc,pspikessm,mean_field,fixed_one,999,1.0,block_1_s4_input,4,0.1565797786172166,0.04459306089032365,0.7499758855853204,407640000,0.7272102835835541,0.4230203120400353
ssc,pspikessm,mean_field,fixed_one,999,1.0,block_1_mixer_input,4,0.19629789826827648,0.05034578947693143,0.6908198312236287,407640000,0.7272102835835541,0.4230203120400353
ssc,pspikessm,mean_field,annealed_one_to_five,42,5.0,block_0_s4_input,4,0.14454267078903207,0.015267047472441536,0.9173678539888137,407640000,0.7245608870572073,0.66799136492984
ssc,pspikessm,mean_field,annealed_one_to_five,42,5.0,block_0_mixer_input,4,0.19555586952368037,0.031243713599701243,0.8202788097340791,407640000,0.7245608870572073,0.66799136492984
ssc,pspikessm,mean_field,annealed_one_to_five,42,5.0,block_1_s4_input,4,0.15764208706639682,0.01386129251494702,0.9244802987930527,407640000,0.7245608870572073,0.66799136492984
ssc,pspikessm,mean_field,annealed_one_to_five,42,5.0,block_1_mixer_input,4,0.1857385096643404,0.021751731930880185,0.8724778971641645,407640000,0.7245608870572073,0.66799136492984
ssc,pspikessm,mean_field,annealed_one_to_five,123,5.0,block_0_s4_input,4,0.14804749428564654,0.014519194813779135,0.9213225345893435,407640000,0.7089098223923069,0.6648022765184967
ssc,pspikessm,mean_field,annealed_one_to_five,123,5.0,block_0_mixer_input,4,0.1921800893227094,0.02369105505793555,0.870718383868119,407640000,0.7089098223923069,0.6648022765184967
ssc,pspikessm,mean_field,annealed_one_to_five,123,5.0,block_1_s4_input,4,0.15260242718481476,0.011148483285684144,0.9395321141203022,407640000,0.7089098223923069,0.6648022765184967
ssc,pspikessm,mean_field,annealed_one_to_five,123,5.0,block_1_mixer_input,4,0.18555020805479394,0.015947188649906116,0.9082587847120008,407640000,0.7089098223923069,0.6648022765184967
ssc,pspikessm,mean_field,annealed_one_to_five,999,5.0,block_0_s4_input,4,0.14580369830157763,0.014592231279777082,0.9212075336080856,407640000,0.6952212736728486,0.667010106957119
ssc,pspikessm,mean_field,annealed_one_to_five,999,5.0,block_0_mixer_input,4,0.17673678277879748,0.0175422871420612,0.9055120032381513,407640000,0.6952212736728486,0.667010106957119
ssc,pspikessm,mean_field,annealed_one_to_five,999,5.0,block_1_s4_input,4,0.14874346079029047,0.010731574585808038,0.9418797051319792,407640000,0.6952212736728486,0.667010106957119
ssc,pspikessm,mean_field,annealed_one_to_five,999,5.0,block_1_mixer_input,4,0.17569133892384187,0.01112963379535369,0.9381542022372682,407640000,0.6952212736728486,0.667010106957119
