dataset,architecture,beta_start,beta_end,seed,mean_field_accuracy,single_draw_accuracy,five_draw_accuracy,threshold_accuracy
shd,crisp,1,1,42,0.84717314487632511,0.80212014134275622,0.83789752650176674,0.70494699646643111
shd,crisp,1,1,123,0.85600706713780916,0.80521201413427557,0.84982332155477036,0.66033568904593642
shd,crisp,1,1,999,0.86616607773851595,0.80212014134275622,0.84319787985865724,0.69478798586572443
shd,crisp,1,2,42,0.88250883392226154,0.85468197879858654,0.87897526501766787,0.81890459363957602
shd,crisp,1,2,123,0.85114840989399299,0.83878091872791516,0.8462897526501767,0.78798586572438167
shd,crisp,1,2,999,0.87588339222614842,0.85159010600706708,0.87014134275618371,0.79063604240282681
shd,crisp,1,10,42,0.86572438162544174,0.857773851590106,0.86484098939929333,0.85335689045936391
shd,crisp,1,10,123,0.89090106007067138,0.88957597173144876,0.89045936395759717,0.88250883392226154
shd,crisp,1,10,999,0.88206713780918733,0.8803003533568905,0.88295053003533563,0.87014134275618371
shd,crisp,1,5,42,0.84805653710247353,0.85026501766784457,0.84805653710247353,0.82641342756183744
shd,crisp,1,5,123,0.87323321554770317,0.8696996466431095,0.87455830388692579,0.86130742049469966
shd,crisp,1,5,999,0.87985865724381629,0.87323321554770317,0.88162544169611312,0.84408127208480566
