dataset,architecture,training_rule,sampler_schedule,sampling_locations,seed,mean_field_accuracy,single_draw_accuracy,five_draw_accuracy
shd,pspikessm,mean_field,fixed_one,s4_input,42,0.89045936395759717,0.71731448763250882,0.73763250883392228
shd,pspikessm,mean_field,fixed_one,mixer_input,42,0.89045936395759717,0.83568904593639581,0.84761484098939932
shd,pspikessm,mean_field,annealed_one_to_five,both,42,0.88339222614840984,0.87632508833922262,0.89001766784452296
shd,pspikessm,mean_field,annealed_one_to_five,s4_input,42,0.88339222614840984,0.88250883392226154,0.89045936395759717
shd,pspikessm,mean_field,annealed_one_to_five,mixer_input,42,0.88339222614840984,0.88074204946996471,0.88957597173144876
shd,pspikessm,mean_field,fixed_one,s4_input,123,0.87897526501766787,0.78577738515901063,0.80918727915194344
shd,pspikessm,mean_field,fixed_one,mixer_input,123,0.87897526501766787,0.86660777385159016,0.87323321554770317
shd,pspikessm,mean_field,annealed_one_to_five,both,123,0.84938162544169615,0.85468197879858654,0.85600706713780916
shd,pspikessm,mean_field,annealed_one_to_five,s4_input,123,0.84938162544169615,0.85644876325088337,0.86086572438162545
shd,pspikessm,mean_field,annealed_one_to_five,mixer_input,123,0.84938162544169615,0.84363957597173145,0.8467314487632509
shd,pspikessm,mean_field,fixed_one,s4_input,999,0.87588339222614842,0.78356890459363959,0.79593639575971731
shd,pspikessm,mean_field,fixed_one,mixer_input,999,0.87588339222614842,0.85070671378091878,0.8635159010600707
shd,pspikessm,mean_field,annealed_one_to_five,both,999,0.87985865724381629,0.87632508833922262,0.87985865724381629
shd,pspikessm,mean_field,annealed_one_to_five,s4_input,999,0.87985865724381629,0.87455830388692579,0.87897526501766787
shd,pspikessm,mean_field,annealed_one_to_five,mixer_input,999,0.87985865724381629,0.88118374558303891,0.8803003533568905
ssc,pspikessm,mean_field,fixed_one,s4_input,42,0.72931998822490429,0.46678441762339318,0.51162790697674421
ssc,pspikessm,mean_field,fixed_one,mixer_input,42,0.72931998822490429,0.65965067216171136,0.68761652438426057
ssc,pspikessm,mean_field,annealed_one_to_five,both,42,0.72456088705720734,0.66799136492984001,0.69958787165145719
ssc,pspikessm,mean_field,annealed_one_to_five,s4_input,42,0.72456088705720734,0.69801785889510348,0.71671082327543911
ssc,pspikessm,mean_field,annealed_one_to_five,mixer_input,42,0.72456088705720734,0.69855755078010007,0.71494455892454123
ssc,pspikessm,mean_field,fixed_one,s4_input,123,0.73128250417034635,0.51152978117947212,0.58620351290354233
ssc,pspikessm,mean_field,fixed_one,mixer_input,123,0.73128250417034635,0.62820135413600231,0.66382101854577569
ssc,pspikessm,mean_field,annealed_one_to_five,both,123,0.70890982239230693,0.66480227651849666,0.6943381414973997
ssc,pspikessm,mean_field,annealed_one_to_five,s4_input,123,0.70890982239230693,0.68074771857521343,0.70469041310960656
ssc,pspikessm,mean_field,annealed_one_to_five,mixer_input,123,0.70890982239230693,0.69527033657148463,0.70689824354822883
ssc,pspikessm,mean_field,fixed_one,s4_input,999,0.72721028358355411,0.53787655774703169,0.59964674712982047
ssc,pspikessm,mean_field,fixed_one,mixer_input,999,0.72721028358355411,0.66710823275439113,0.69757629280737909
ssc,pspikessm,mean_field,annealed_one_to_five,both,999,0.69522127367284858,0.66701010695711904,0.69046217250515163
ssc,pspikessm,mean_field,annealed_one_to_five,s4_input,999,0.69522127367284858,0.67623393190069669,0.69340594642331466
ssc,pspikessm,mean_field,annealed_one_to_five,mixer_input,999,0.69522127367284858,0.68962810322833878,0.69703660092238251
