dataset,seed,rate_layer1,rate_layer2,rate_mean,best_epoch,acc_meanfield,acc_one_draw,acc_threshold,flip_one_draw_vs_MP,cert_seq_acc,cert_seq_abstain,cert_seq_mean_draws,input_AC_M,input_denseMAC_M,spike_AC_one_pass_M,state_MAC_one_pass_M,threshold_ops_one_pass_M,acc,architecture,regularization_coefficient,rate_target,certificate_test,certificate_alpha
shd,42,0.35416365876214662,0.4733380838670494,0.41375087131459798,,0.84805653710247353,0.85026501766784457,0.82641342756183744,0.0514800270538869,0.8348056537102474,0.042402826855123602,35.540636042402824,2.1067377526501767,0,2.5633960530035336,0.82320000000000004,0.1024,,crisp,0.02,0.1,two_sided,0.001
shd,123,0.37295984706272078,0.47117139189487628,0.42206561947879861,,0.87323321554770317,0.8696996466431095,0.86130742049469966,0.040768896311837402,0.85954063604240283,0.029151943462897501,30.650176678445231,2.1067377526501767,0,2.6854694063604243,0.82320000000000004,0.1024,,crisp,0.02,0.1,two_sided,0.001
shd,999,0.364394117159894,0.46517277909673138,0.41478344812831269,,0.87985865724381629,0.87323321554770317,0.84408127208480566,0.039426554218197803,0.86925795053003529,0.0287102473498233,30.487632508833919,2.1067377526501767,0,2.6262617491166078,0.82320000000000004,0.1024,,crisp,0.02,0.1,two_sided,0.001
shd,42,0.1241660225265017,0.30997087566254411,0.21706844909452289,70,0.86616607773851595,0.85159010600706708,0.79946996466431097,0.049463063162544098,0.84982332155477036,0.038869257950529999,34.31802120141343,2.1067377526501767,0,0.97243953356890478,0.82320000000000004,0.1024,,crisp,1,0,two_sided,0.001
shd,123,0.13261508254196111,0.31127458660004409,0.22194483457100261,76,0.88383392226148405,0.87765017667844525,0.84319787985865724,0.045399803997349802,0.86881625441696109,0.036660777385159,33.208480565371026,2.1067377526501767,0,1.0284787932862192,0.82320000000000004,0.1024,,crisp,1,0,two_sided,0.001
shd,999,0.1227905187168727,0.3046089781636484,0.2136997484402606,83,0.87985865724381629,0.86704946996466437,0.80653710247349819,0.047544445671377999,0.86395759717314491,0.035777385159010598,33.533568904593643,2.1067377526501767,0,0.96067974028268555,0.82320000000000004,0.1024,,crisp,1,0,two_sided,0.001
shd,42,0.045459709032685501,0.088358719357332097,0.066909214195008795,52,0.82155477031802115,0.8122791519434629,0.73144876325088337,0.060681454284452298,0.80742049469964661,0.0454946996466431,38.727915194346288,2.1067377526501767,0,0.34316441342756182,0.82320000000000004,0.1024,,crisp,10,0,two_sided,0.001
shd,123,0.052296336682862099,0.075841948708038801,0.064069142695450498,60,0.84275618374558303,0.84054770318021199,0.79461130742049468,0.059144144765900998,0.82773851590106007,0.044169611307420399,36.763250883392224,2.1067377526501767,0,0.38156034982332149,0.82320000000000004,0.1024,,crisp,10,0,two_sided,0.001
shd,999,0.0449083653102915,0.074358954008392195,0.059633659659341802,71,0.88913427561837455,0.87720848056537104,0.82906360424028269,0.055966003202296798,0.87455830388692579,0.042402826855123602,36.155477031802121,2.1067377526501767,0,0.33238324734982327,0.82320000000000004,0.1024,,crisp,10,0,two_sided,0.001
shd,42,0.026854830361086501,0.020616166077738501,0.023735498219412499,85,0.87190812720848054,0.85556537102473496,0.84717314487632511,0.071447797040636002,0.85203180212014129,0.054328621908127199,40.473498233215551,2.1067377526501767,0,0.186551293286219,0.82320000000000004,0.1024,,crisp,100,0,two_sided,0.001
shd,123,0.0279933020925353,0.0213328525287102,0.0246630773106227,81,0.88162544169611312,0.87411660777385158,0.84143109540636041,0.060919556095406301,0.86881625441696109,0.0393109540636042,36.381625441696123,2.1067377526501767,0,0.19437932508833919,0.82320000000000004,0.1024,,crisp,100,0,two_sided,0.001
shd,999,0.033218411826413399,0.028151070422924002,0.0306847411246687,40,0.82155477031802115,0.8069787985865724,0.77164310954063609,0.072179356227915201,0.79770318021201414,0.055212014134275601,42.183745583038871,2.1067377526501767,0,0.2321135318021201,0.82320000000000004,0.1024,,crisp,100,0,two_sided,0.001
shd,42,0.51816102583922263,0.3955704091210247,0.45686571748012372,77,,,,,,,,2.1067377526501767,0,3.5983521484098944,0.053199999999999997,0.051200000000000002,0.78710247349823326,lif,0.02,0.1,not_applicable,
shd,123,0.50122908844964664,0.4030392143330388,0.45213415139134272,42,,,,,,,,2.1067377526501767,0,3.4912110318021203,0.053199999999999997,0.051200000000000002,0.7446996466431095,lif,0.02,0.1,not_applicable,
shd,999,0.51262862673917842,0.39138024859209358,0.45200443766563603,81,,,,,,,,2.1067377526501767,0,3.5599496554770318,0.053199999999999997,0.051200000000000002,0.75927561837455826,lif,0.02,0.1,not_applicable,
shd,42,0.23062698418175789,0.27899565895538869,0.25481132156857328,58,,,,,,,,2.1067377526501767,0,1.6542827809187279,0.053199999999999997,0.051200000000000002,0.76590106007067138,lif,1,0,not_applicable,
shd,123,0.21449889921046819,0.27073387119037101,0.24261638520041959,79,,,,,,,,2.1067377526501767,0,1.5443557279151945,0.053199999999999997,0.051200000000000002,0.77473498233215543,lif,1,0,not_applicable,
shd,999,0.201440636732553,0.27082472946113068,0.23613268309684179,94,,,,,,,,2.1067377526501767,0,1.4588236183745584,0.053199999999999997,0.051200000000000002,0.7725265017667845,lif,1,0,not_applicable,
shd,42,0.0979894890128091,0.1216240268882508,0.10980675795053001,75,,,,,,,,2.1067377526501767,0,0.70445541696113068,0.053199999999999997,0.051200000000000002,0.7954946996466431,lif,10,0,not_applicable,
shd,123,0.1059141729240282,0.1663017612632508,0.13610796709363959,30,,,,,,,,2.1067377526501767,0,0.7792656254416962,0.053199999999999997,0.051200000000000002,0.77473498233215543,lif,10,0,not_applicable,
shd,999,0.10057769020538861,0.14883720047482329,0.124707445340106,45,,,,,,,,2.1067377526501767,0,0.73535059717314488,0.053199999999999997,0.051200000000000002,0.73674911660777387,lif,10,0,not_applicable,
shd,42,0.025795950198763198,0.054533648271863903,0.040164799235313603,54,,,,,,,,2.1067377526501767,0,0.19697756713780909,0.053199999999999997,0.051200000000000002,0.77650176678445226,lif,100,0,not_applicable,
shd,123,0.029354985644876298,0.061171236611086498,0.045263111127981398,42,,,,,,,,2.1067377526501767,0,0.22370050706713779,0.053199999999999997,0.051200000000000002,0.78445229681978801,lif,100,0,not_applicable,
shd,999,0.024338145980565301,0.049769696886042401,0.037053921433303799,74,,,,,,,,2.1067377526501767,0,0.18498455830388691,0.053199999999999997,0.051200000000000002,0.79107773851590102,lif,100,0,not_applicable,
