dataset,binning,architecture,transfer_factor,seed,native_accuracy,transferred_accuracy,naive_accuracy,calibrated_accuracy,inference,transfer_rule
shd,fixed_time,pspikessm,2,42,0.88339222614840984,0.86925795053003529,0.4090106007067138,0.8803003533568905,single_draw,published_continuous_time_rate
shd,fixed_time,pspikessm,2,123,0.88692579505300351,0.875,0.48674911660777381,0.87941696113074208,single_draw,published_continuous_time_rate
shd,fixed_time,pspikessm,2,999,0.88471731448763247,0.88692579505300351,0.39310954063604242,0.87853356890459366,single_draw,published_continuous_time_rate
shd,fixed_time,crisp,2,42,0.87058303886925792,0.8696996466431095,0.53136042402826855,0.86616607773851595,mean_field,zero_order_hold
shd,fixed_time,crisp,2,123,0.8582155477031802,0.85998233215547704,0.64487632508833925,0.8582155477031802,mean_field,zero_order_hold
shd,fixed_time,crisp,2,999,0.8635159010600707,0.86263250883392228,0.55786219081272082,0.85865724381625441,mean_field,zero_order_hold
shd,fixed_time,lif,2,42,0.79151943462897523,0.73807420494699649,,0.76015901060070667,deterministic_spikes,test_selected_oracle
shd,fixed_time,lif,2,123,0.77694346289752647,0.7274734982332155,,0.74867491166077738,deterministic_spikes,test_selected_oracle
shd,fixed_time,lif,2,999,0.77164310954063609,0.75,,0.75971731448763247,deterministic_spikes,test_selected_oracle
shd,fixed_time,pspikessm,4,42,0.87279151943462896,0.81183745583038869,0.1550353356890459,0.85159010600706708,single_draw,published_continuous_time_rate
shd,fixed_time,pspikessm,4,123,0.875,0.81183745583038869,0.22835689045936389,0.85335689045936391,single_draw,published_continuous_time_rate
shd,fixed_time,pspikessm,4,999,0.83789752650176674,0.78710247349823326,0.22703180212014129,0.8242049469964664,single_draw,published_continuous_time_rate
shd,fixed_time,crisp,4,42,0.85159010600706708,0.84982332155477036,0.1581272084805653,0.83657243816254412,mean_field,zero_order_hold
shd,fixed_time,crisp,4,123,0.85733215547703179,0.85909893992932862,0.17005300353356889,0.85114840989399299,mean_field,zero_order_hold
shd,fixed_time,crisp,4,999,0.87765017667844525,0.87544169611307421,0.19567137809187279,0.87102473498233213,mean_field,zero_order_hold
shd,fixed_time,lif,4,42,0.79814487632508835,0.46422261484098942,,0.73454063604240283,deterministic_spikes,test_selected_oracle
shd,fixed_time,lif,4,123,0.82111307420494695,0.51634275618374559,,0.74514134275618371,deterministic_spikes,test_selected_oracle
shd,fixed_time,lif,4,999,0.80609540636042398,0.48807420494699649,,0.74602473498233213,deterministic_spikes,test_selected_oracle
shd,fixed_time,pspikessm,10,42,0.82464664310954061,0.63295053003533563,0.21378091872791519,0.77915194346289751,single_draw,published_continuous_time_rate
shd,fixed_time,pspikessm,10,123,0.81846289752650181,0.59893992932862195,0.27782685512367489,0.78136042402826855,single_draw,published_continuous_time_rate
shd,fixed_time,pspikessm,10,999,0.82111307420494695,0.61219081272084808,0.25044169611307421,0.77650176678445226,single_draw,published_continuous_time_rate
shd,fixed_time,crisp,10,42,0.80653710247349819,0.81713780918727918,0.063162544169611298,0.79196113074204944,mean_field,zero_order_hold
shd,fixed_time,crisp,10,123,0.79240282685512364,0.80256183745583043,0.0693462897526501,0.8007950530035336,mean_field,zero_order_hold
shd,fixed_time,crisp,10,999,0.82243816254416957,0.83392226148409898,0.075971731448763194,0.82641342756183744,mean_field,zero_order_hold
shd,fixed_time,lif,10,42,0.78577738515901063,0.32464664310954061,,0.71775618374558303,deterministic_spikes,test_selected_oracle
shd,fixed_time,lif,10,123,0.76987632508833925,0.3613074204946996,,0.67977031802120136,deterministic_spikes,test_selected_oracle
shd,fixed_time,lif,10,999,0.78842756183745588,0.36925795053003529,,0.71908127208480566,deterministic_spikes,test_selected_oracle
ssc,fixed_time,pspikessm,2,42,0.72166617603768035,0.68972622902561087,0.44210577960945929,0.7212736728485919,single_draw,published_continuous_time_rate
ssc,fixed_time,pspikessm,2,123,0.72073398096359531,0.67623393190069669,0.4745854185065253,0.72166617603768035,single_draw,published_continuous_time_rate
ssc,fixed_time,pspikessm,2,999,0.72343244038857812,0.68369149249337646,0.44789520164851337,0.72303993719948978,single_draw,published_continuous_time_rate
ssc,fixed_time,crisp,2,42,0.72323618879403395,0.72446276125993525,0.39348444706113239,0.72750466097537048,mean_field,zero_order_hold
ssc,fixed_time,crisp,2,123,0.72210774212540474,0.72421744676675504,0.35933666961044058,0.72721028358355411,mean_field,zero_order_hold
ssc,fixed_time,crisp,2,999,0.71455205573545288,0.71685801197134724,0.34378373074281221,0.71950740849769401,mean_field,zero_order_hold
ssc,fixed_time,lif,2,42,0.68167991364929836,0.59640859581984107,,0.66632322637621433,deterministic_spikes,test_selected_oracle
ssc,fixed_time,lif,2,123,0.67903051712295159,0.59704641350210974,,0.66465508782258853,deterministic_spikes,test_selected_oracle
ssc,fixed_time,lif,2,999,0.67991364929840059,0.59272887842213717,,0.65793347070944952,deterministic_spikes,test_selected_oracle
ssc,fixed_time,pspikessm,4,42,0.69733097831419877,0.53301933078206265,0.16656854086939449,0.66490040231576886,single_draw,published_continuous_time_rate
ssc,fixed_time,pspikessm,4,123,0.70204101658325979,0.53041899715435192,0.1620547541948778,0.66215287999214989,single_draw,published_continuous_time_rate
ssc,fixed_time,pspikessm,4,999,0.69831223628691985,0.58051221666176034,0.15655970954764001,0.6661760376803062,single_draw,published_continuous_time_rate
ssc,fixed_time,crisp,4,42,0.70537729369051128,0.68172897654793441,0.0748699833186144,0.71504268472181332,mean_field,zero_order_hold
ssc,fixed_time,crisp,4,123,0.70159945049553529,0.68280836031792758,0.082425669708566296,0.70895888529094298,mean_field,zero_order_hold
ssc,fixed_time,crisp,4,999,0.70223726817780396,0.68624276322245115,0.077568442743597296,0.70704543224413696,mean_field,zero_order_hold
ssc,fixed_time,lif,4,42,0.64816995388087528,0.3736630360121676,,0.62123442252968308,deterministic_spikes,test_selected_oracle
ssc,fixed_time,lif,4,123,0.64733588460406244,0.38637032675890493,,0.60852713178294571,deterministic_spikes,test_selected_oracle
ssc,fixed_time,lif,4,999,0.64954371504268471,0.38921597487979592,,0.61843783730742807,deterministic_spikes,test_selected_oracle
ssc,fixed_time,pspikessm,10,42,0.61333529584927882,0.4726229025610833,0.1165243842606221,0.40437641055833579,single_draw,published_continuous_time_rate
ssc,fixed_time,pspikessm,10,123,0.61382592483563925,0.45721715238936311,0.14429398488862721,0.42463938769502502,single_draw,published_continuous_time_rate
ssc,fixed_time,pspikessm,10,999,0.62044941615150628,0.4464233146894318,0.1397801982141105,0.4002060641742714,single_draw,published_continuous_time_rate
ssc,fixed_time,crisp,10,42,0.62540476891374741,0.61515062309881263,0.043224413698361303,0.6399273869100186,mean_field,zero_order_hold
ssc,fixed_time,crisp,10,123,0.62913354921008735,0.61784908252379556,0.037385928760671101,0.64375429300363063,mean_field,zero_order_hold
ssc,fixed_time,crisp,10,999,0.63070356196644095,0.61235403787655773,0.034393091943872002,0.63860268864684522,mean_field,zero_order_hold
ssc,fixed_time,lif,10,42,0.54935727602786777,0.18491806495927779,,0.4492689628103228,deterministic_spikes,test_selected_oracle
ssc,fixed_time,lif,10,123,0.55701108821509171,0.17937395741340389,,0.44318516337945241,deterministic_spikes,test_selected_oracle
ssc,fixed_time,lif,10,999,0.55244823864193893,0.1936512609164949,,0.46653910313021291,deterministic_spikes,test_selected_oracle
dvs128_gesture,fixed_time,crisp,2,123,0.93055555555555558,0.93055555555555558,0.62152777777777779,0.9375,mean_field,zero_order_hold
dvs128_gesture,fixed_time,crisp,2,42,0.92361111111111116,0.92013888888888884,0.76041666666666663,0.92361111111111116,mean_field,zero_order_hold
dvs128_gesture,fixed_time,crisp,2,999,0.91666666666666663,0.91666666666666663,0.55902777777777779,0.92013888888888884,mean_field,zero_order_hold
dvs128_gesture,fixed_time,crisp,4,123,0.89930555555555558,0.89930555555555558,0.09375,0.90277777777777779,mean_field,zero_order_hold
dvs128_gesture,fixed_time,crisp,4,42,0.91319444444444442,0.91319444444444442,0.1111111111111111,0.92013888888888884,mean_field,zero_order_hold
dvs128_gesture,fixed_time,crisp,4,999,0.89583333333333337,0.88541666666666663,0.072916666666666602,0.90625,mean_field,zero_order_hold
dvs128_gesture,fixed_time,lif,2,123,0.94097222222222221,0.93055555555555558,,0.9375,deterministic_spikes,test_selected_oracle
dvs128_gesture,fixed_time,lif,2,42,0.91319444444444442,0.89930555555555558,,0.89930555555555558,deterministic_spikes,test_selected_oracle
dvs128_gesture,fixed_time,lif,2,999,0.88541666666666663,0.90277777777777779,,0.90625,deterministic_spikes,test_selected_oracle
dvs128_gesture,fixed_time,lif,4,123,0.91319444444444442,0.84375,,0.90277777777777779,deterministic_spikes,test_selected_oracle
dvs128_gesture,fixed_time,lif,4,42,0.89930555555555558,0.81944444444444442,,0.88888888888888884,deterministic_spikes,test_selected_oracle
dvs128_gesture,fixed_time,lif,4,999,0.86111111111111116,0.79861111111111116,,0.87847222222222221,deterministic_spikes,test_selected_oracle
